#VRML V2.0 utf8
# 3D model generated by kicad-lcsc-manager
# Based on easyeda2kicad.py v1.0.1

Shape{
    appearance Appearance {
        material  Material {
            diffuseColor 0.25098039215686274 0.25098039215686274 0.25098039215686274
            specularColor 0.12549019607843137 0.12549019607843137 0.12549019607843137
            ambientIntensity 0.251
            transparency 0.0
            shininess 0.5
        }
    }
    geometry IndexedFaceSet {
        ccw TRUE
        solid FALSE
        coord DEF co Coordinate {
            point [
                -0.0348 -1.2972 0.2067, -0.0348 -1.2972 0.175, 0.0423 -1.2972 0.175, -0.0348 -1.2972 0.3337, -0.0348 -1.2972 0.3102, 0.0423 -1.2972 0.3102, 0.0728 -1.2972 0.4144, 0.0789 -1.2972 0.4151, 0.0471 -1.2972 0.4151, 0.0935 -1.2972 0.3342, 0.0883 -1.2972 0.3337, 0.1148 -1.2972 0.3337, 0.1298 -1.2972 0.4052, 0.1298 -1.2972 0.3796, 0.1514 -1.2972 0.3796, 0.1348 -1.2972 0.2071, 0.1314 -1.2972 0.2067, 0.1514 -1.2972 0.2067, 0.1172 -1.2972 0.2069, 0.1148 -1.2972 0.2077, 0.1148 -1.2972 0.2067, 0.2301 -1.2972 0.2434, 0.2301 -1.2972 0.2165, 0.2451 -1.2972 0.2165, -0.4306 -1.2972 0.3037, -0.4293 -1.2972 0.3102, -0.7469 -1.2972 0.3102, -0.1041 -1.2972 0.352, -0.0887 -1.2972 0.3389, -0.0348 -1.2972 0.4151, -0.1678 -1.2972 0.4151, -0.1547 -1.2972 0.4063, -0.1361 -1.2972 0.3849, -0.1239 -1.2972 0.3614, -0.1211 -1.2972 0.3604, -0.2086 -1.2972 0.4335, -0.1801 -1.2972 0.4234, -0.0348 -1.2972 0.8268, -0.2866 -1.2972 0.4223, -0.2604 -1.2972 0.4324, -0.7469 -1.2972 0.8268, -0.2321 -1.2972 0.4359, -0.404 -1.2972 0.3625, -0.3994 -1.2972 0.3668, -0.7469 -1.2972 0.4151, -0.2982 -1.2972 0.4151, -0.3004 -1.2972 0.4137, -0.3804 -1.2972 0.3798, -0.3592 -1.2972 0.3875, -0.3386 -1.2972 0.3898, -0.3138 -1.2972 0.4023, -0.332 -1.2972 0.3895, -0.3255 -1.2972 0.3887, -0.7469 -1.2972 0.3337, -0.4263 -1.2972 0.3262, -0.4228 -1.2972 0.3337, -0.4168 -1.2972 0.3464, -0.3706 -1.2972 0.2111, -0.3909 -1.2972 0.2216, -0.7469 -1.2972 0.2067, -0.4069 -1.2972 0.2355, -0.4086 -1.2972 0.2376, -0.4208 -1.2972 0.2558, -0.4285 -1.2972 0.2771, -0.4308 -1.2972 0.2976, -0.3613 -1.2972 0.2082, -0.3606 -1.2972 0.2067, -0.3556 -1.2972 0.196, -0.7469 -1.2972 0.175, -0.3472 -1.2972 0.1856, -0.336 -1.2972 0.1772, -0.2837 -1.2972 0.175, -0.2935 -1.2972 0.1712, -0.0348 -1.2972 0.0394, -0.3073 -1.2972 0.1695, -0.3095 -1.2972 0.1695, -0.7469 -1.2972 0.0394, -0.3229 -1.2972 0.1717, -0.3308 -1.2972 0.175, -0.2539 -1.2972 0.2067, -0.2539 -1.2972 0.2065, -0.2607 -1.2972 0.1938, -0.2695 -1.2972 0.184, -0.2808 -1.2972 0.1761, -0.0702 -1.2972 0.3053, -0.0676 -1.2972 0.2868, -0.1811 -1.2972 0.2403, -0.1772 -1.2972 0.2418, -0.1706 -1.2972 0.2743, -0.0887 -1.2972 0.2327, -0.1043 -1.2972 0.2195, -0.2646 -1.2972 0.2646, -0.1883 -1.2972 0.3044, -0.2745 -1.2972 0.2736, -0.2866 -1.2972 0.2801, -0.1846 -1.2972 0.2379, -0.0775 -1.2972 0.2482, -0.1032 -1.2972 0.2911, -0.1058 -1.2972 0.3021, -0.1102 -1.2972 0.3102, -0.3935 -1.2972 0.3102, -0.0703 -1.2972 0.2662, -0.1729 -1.2972 0.2424, -0.1724 -1.2972 0.2423, -0.1706 -1.2972 0.242, -0.3902 -1.2972 0.2761, -0.3834 -1.2972 0.2645, -0.3545 -1.2972 0.2586, -0.3732 -1.2972 0.254, -0.3608 -1.2972 0.2464, -0.3334 -1.2972 0.2775, -0.345 -1.2972 0.2694, -0.3949 -1.2972 0.2987, -0.3943 -1.2972 0.29, -0.3208 -1.2972 0.2823, -0.3073 -1.2972 0.2839, -0.3003 -1.2972 0.2835, -0.1144 -1.2972 0.2561, -0.1082 -1.2972 0.265, -0.1042 -1.2972 0.2751, -0.1029 -1.2972 0.2862, -0.1217 -1.2972 0.211, -0.1405 -1.2972 0.2071, -0.174 -1.2972 0.2071, -0.1772 -1.2972 0.2076, -0.181 -1.2972 0.209, -0.1847 -1.2972 0.2117, -0.186 -1.2972 0.2131, -0.1906 -1.2972 0.2247, -0.1905 -1.2972 0.2266, -0.2503 -1.2972 0.2321, -0.1894 -1.2972 0.231, -0.1873 -1.2972 0.2349, -0.1695 -1.2972 0.2418, -0.1439 -1.2972 0.2418, -0.1337 -1.2972 0.2437, -0.1885 -1.2972 0.2166, -0.19 -1.2972 0.2205, -0.2506 -1.2972 0.2206, -0.2503 -1.2972 0.2264, -0.1237 -1.2972 0.2484, -0.1152 -1.2972 0.2553, -0.1518 -1.2972 0.3306, -0.3884 -1.2972 0.3252, -0.3932 -1.2972 0.3125, -0.1473 -1.2972 0.3306, -0.1111 -1.2972 0.3119, -0.1177 -1.2972 0.3193, -0.1265 -1.2972 0.3255, -0.1365 -1.2972 0.3293, -0.176 -1.2972 0.3793, -0.1787 -1.2972 0.3817, -0.3078 -1.2972 0.3471, -0.1634 -1.2972 0.3637, -0.3824 -1.2972 0.3337, -0.312 -1.2972 0.3494, -0.1525 -1.2972 0.3337, -0.1549 -1.2972 0.3452, -0.3247 -1.2972 0.354, -0.338 -1.2972 0.3557, -0.3438 -1.2972 0.3554, -0.1948 -1.2972 0.3928, -0.2126 -1.2972 0.3995, -0.2994 -1.2972 0.3646, -0.2315 -1.2972 0.4018, -0.3579 -1.2972 0.3521, -0.3706 -1.2972 0.3453, -0.3805 -1.2972 0.3365, -0.2523 -1.2972 0.3991, -0.2709 -1.2972 0.3916, -0.2868 -1.2972 0.38, -0.085 -1.2972 0.3337, -0.0771 -1.2972 0.3227, -0.0721 -1.2972 0.3102, 0.2628 -1.2972 0.2165, 0.2628 -1.2972 0.2074, 0.2704 -1.2972 0.2067, 0.2451 -1.2972 0.2067, 0.2704 -1.2972 0.3102, 0.261 -1.2972 0.2874, 0.261 -1.2972 0.2782, 0.2587 -1.2972 0.2526, 0.2587 -1.2972 0.2434, 0.2451 -1.2972 0.2434, 0.2451 -1.2972 0.2782, 0.2451 -1.2972 0.2526, 0.2301 -1.2972 0.2782, 0.2301 -1.2972 0.2526, 0.2451 -1.2972 0.2074, 0.2197 -1.2972 0.2074, 0.2143 -1.2972 0.2067, 0.2197 -1.2972 0.2874, 0.0544 -1.2972 0.2342, 0.0562 -1.2972 0.2508, 0.0523 -1.2972 0.231, 0.0511 -1.2972 0.2273, 0.0784 -1.2972 0.2573, 0.075 -1.2972 0.2577, 0.0696 -1.2972 0.2413, 0.1102 -1.2972 0.2197, 0.0966 -1.2972 0.2442, 0.1102 -1.2972 0.2094, 0.0966 -1.2972 0.2074, 0.0816 -1.2972 0.2104, 0.078 -1.2972 0.208, 0.0866 -1.2972 0.2074, 0.0742 -1.2972 0.2067, 0.0573 -1.2972 0.2369, 0.0613 -1.2972 0.2392, 0.0632 -1.2972 0.2551, 0.0695 -1.2972 0.2572, 0.0471 -1.2972 0.175, 0.063 -1.2972 0.2067, 0.0471 -1.2972 0.2067, 0.0628 -1.2972 0.2067, 0.0589 -1.2972 0.2082, 0.0657 -1.2972 0.2646, 0.0471 -1.2972 0.3102, 0.0583 -1.2972 0.2617, 0.0562 -1.2972 0.2605, 0.0556 -1.2972 0.2105, 0.0546 -1.2972 0.2115, 0.0525 -1.2972 0.2145, 0.1138 -1.2972 0.2175, 0.1148 -1.2972 0.2171, 0.1148 -1.2972 0.2383, 0.0866 -1.2972 0.2162, 0.0863 -1.2972 0.2162, 0.0847 -1.2972 0.2138, 0.0512 -1.2972 0.2178, 0.0507 -1.2972 0.2227, 0.1107 -1.2972 0.2452, 0.0956 -1.2972 0.2526, 0.1103 -1.2972 0.2491, 0.0866 -1.2972 0.2437, 0.0862 -1.2972 0.2481, 0.0852 -1.2972 0.2517, 0.084 -1.2972 0.2538, 0.0759 -1.2972 0.2659, 0.083 -1.2972 0.2651, 0.0869 -1.2972 0.2637, 0.1147 -1.2972 0.2383, 0.1131 -1.2972 0.2401, 0.1118 -1.2972 0.2421, 0.0825 -1.2972 0.2554, 0.0807 -1.2972 0.2565, 0.1106 -1.2972 0.2527, 0.1118 -1.2972 0.2559, 0.094 -1.2972 0.2569, 0.1137 -1.2972 0.2586, 0.0918 -1.2972 0.26, 0.0901 -1.2972 0.2617, 0.1192 -1.2972 0.2067, 0.1148 -1.2972 0.175, 0.1257 -1.2972 0.206, 0.1461 -1.2972 0.2633, 0.1461 -1.2972 0.2536, 0.1148 -1.2972 0.2596, 0.1148 -1.2972 0.3102, 0.1167 -1.2972 0.2613, 0.1191 -1.2972 0.2628, 0.1483 -1.2972 0.2189, 0.1471 -1.2972 0.2157, 0.1452 -1.2972 0.2131, 0.1245 -1.2972 0.2649, 0.1325 -1.2972 0.2659, 0.1514 -1.2972 0.3102, 0.1396 -1.2972 0.2652, 0.1455 -1.2972 0.2324, 0.1473 -1.2972 0.2296, 0.1484 -1.2972 0.2267, 0.1488 -1.2972 0.2229, 0.1424 -1.2972 0.2106, 0.1401 -1.2972 0.2091, 0.1315 -1.2972 0.2577, 0.1286 -1.2972 0.2575, 0.1206 -1.2972 0.25, 0.1259 -1.2972 0.2568, 0.1236 -1.2972 0.2556, 0.1207 -1.2972 0.2487, 0.1211 -1.2972 0.2471, 0.1218 -1.2972 0.2458, 0.1228 -1.2972 0.2447, 0.1263 -1.2972 0.2425, 0.1385 -1.2972 0.2569, 0.1325 -1.2972 0.2398, 0.1442 -1.2972 0.2547, 0.1364 -1.2972 0.2382, 0.1431 -1.2972 0.2345, 0.1221 -1.2972 0.2542, 0.1213 -1.2972 0.253, 0.1208 -1.2972 0.2516, 0.1201 -1.2972 0.215, 0.1254 -1.2972 0.2325, 0.1195 -1.2972 0.2352, 0.1267 -1.2972 0.2142, 0.1271 -1.2972 0.2142, 0.132 -1.2972 0.2297, 0.1323 -1.2972 0.2148, 0.1385 -1.2972 0.2219, 0.1384 -1.2972 0.2232, 0.1349 -1.2972 0.2157, 0.1358 -1.2972 0.2163, 0.1369 -1.2972 0.2173, 0.1378 -1.2972 0.2186, 0.1383 -1.2972 0.22, 0.138 -1.2972 0.2247, 0.1372 -1.2972 0.2261, 0.1359 -1.2972 0.2274, 0.2997 -1.2972 0.3563, 0.2704 -1.2972 0.3563, 0.3079 -1.2972 0.3344, 0.2704 -1.2972 0.3337, 0.3193 -1.2972 0.3344, 1.063 -1.2972 0.3337, 1.063 -1.2972 0.4151, 0.2888 -1.2972 0.4144, 0.2704 -1.2972 0.4151, 0.2664 -1.2972 0.3563, 0.2587 -1.2972 0.3344, 0.2451 -1.2972 0.3337, 0.2473 -1.2972 0.3344, 0.2451 -1.2972 0.4151, 0.2704 -1.2972 0.395, 0.2778 -1.2972 0.4144, 0.2143 -1.2972 0.4151, 0.1701 -1.2972 0.4151, 0.2005 -1.2972 0.4144, 0.1777 -1.2972 0.4144, 0.1777 -1.2972 0.3344, 0.1701 -1.2972 0.3337, 0.1997 -1.2972 0.3344, 0.2143 -1.2972 0.3337, 0.2134 -1.2972 0.3361, 0.2407 -1.2972 0.361, 0.2367 -1.2972 0.3527, 0.2336 -1.2972 0.4011, 0.2385 -1.2972 0.3942, 0.2308 -1.2972 0.3456, 0.2225 -1.2972 0.3396, 0.2143 -1.2972 0.3364, 0.2308 -1.2972 0.4038, 0.2127 -1.2972 0.4131, 0.2143 -1.2972 0.4125, 0.2224 -1.2972 0.4096, 0.2415 -1.2972 0.3865, 0.2428 -1.2972 0.3754, 0.2426 -1.2972 0.3704, 0.1514 -1.2972 0.4151, 0.1607 -1.2972 0.4144, 0.1514 -1.2972 0.4144, 0.1607 -1.2972 0.4052, 0.1625 -1.2972 0.3435, 0.1625 -1.2972 0.3344, 0.1514 -1.2972 0.3337, 0.1298 -1.2972 0.3435, 0.1514 -1.2972 0.3435, 0.1298 -1.2972 0.3704, 0.1514 -1.2972 0.3704, 0.1584 -1.2972 0.3704, 0.1584 -1.2972 0.3796, 0.1514 -1.2972 0.4052, 0.1195 -1.2972 0.4144, 0.1148 -1.2972 0.4151, 0.1195 -1.2972 0.3344, 0.1034 -1.2972 0.4125, 0.095 -1.2972 0.415, 0.093 -1.2972 0.4151, 0.1514 -1.2972 0.3344, 0.1034 -1.2972 0.4017, 0.1021 -1.2972 0.337, 0.0865 -1.2972 0.3424, 0.0956 -1.2972 0.3441, 0.1034 -1.2972 0.3476, 0.1034 -1.2972 0.3377, 0.0944 -1.2972 0.4053, 0.0846 -1.2972 0.4065, 0.0543 -1.2972 0.3735, 0.0583 -1.2972 0.3561, 0.0622 -1.2972 0.3507, 0.0638 -1.2972 0.3491, 0.069 -1.2972 0.3454, 0.0747 -1.2972 0.3432, 0.0828 -1.2972 0.3422, 0.0627 -1.2972 0.3976, 0.0584 -1.2972 0.3915, 0.0682 -1.2972 0.4021, 0.0745 -1.2972 0.405, 0.0815 -1.2972 0.4063, 0.0557 -1.2972 0.3846, 0.1025 -1.2972 0.4022, 0.0544 -1.2972 0.3706, 0.0557 -1.2972 0.3626, 0.0845 -1.2972 0.4158, 0.0471 -1.2972 0.8268, 0.1148 -1.2972 0.8268, 0.0845 -1.2972 0.4158, 0.0492 -1.2972 0.3964, 0.0551 -1.2972 0.404, 0.057 -1.2972 0.4059, 0.0645 -1.2972 0.4111, 0.0471 -1.2972 0.3547, 0.0451 -1.2972 0.3598, 0.0423 -1.2972 0.3337, 0.0435 -1.2972 0.3729, 0.0436 -1.2972 0.3771, 0.0423 -1.2972 0.4151, 0.0454 -1.2972 0.3875, 0.0471 -1.2972 0.3913, 0.0602 -1.2972 0.3386, 0.0538 -1.2972 0.344, 0.0471 -1.2972 0.3337, 0.0484 -1.2972 0.3514, 0.0813 -1.2972 0.333, 0.0764 -1.2972 0.3333, 0.0743 -1.2972 0.3337, 0.0678 -1.2972 0.335, 0.074 -1.2972 0.2066, 0.0688 -1.2972 0.206, 0.1985 -1.2972 0.2645, 0.2089 -1.2972 0.2645, 0.2143 -1.2972 0.3102, 0.2451 -1.2972 0.2874, 0.2451 -1.2972 0.3102, 0.1861 -1.2972 0.2067, 0.1802 -1.2972 0.2216, 0.1814 -1.2972 0.2169, 0.1817 -1.2972 0.2169, 0.1701 -1.2972 0.3102, 0.1701 -1.2972 0.2506, 0.1829 -1.2972 0.2215, 0.1821 -1.2972 0.2188, 0.1701 -1.2972 0.2067, 0.1701 -1.2972 0.2237, 0.154 -1.2972 0.2645, 0.1652 -1.2972 0.2645, 0.1765 -1.2972 0.2075, 0.1761 -1.2972 0.2067, 0.1721 -1.2972 0.1971, 0.1514 -1.2972 0.175, 0.1561 -1.2972 0.1812, 0.1561 -1.2972 0.1902, 0.1582 -1.2972 0.1895, 0.1618 -1.2972 0.189, 0.1621 -1.2972 0.189, 0.1645 -1.2972 0.1894, 0.1666 -1.2972 0.1902, 0.1682 -1.2972 0.1913, 0.17 -1.2972 0.1934, 0.1701 -1.2972 0.1935, 0.1701 -1.2972 0.1822, 0.167 -1.2972 0.181, 0.1701 -1.2972 0.175, 0.1626 -1.2972 0.1804, 0.1604 -1.2972 0.1805, 0.183 -1.2972 0.1987, 0.2143 -1.2972 0.175, 0.1784 -1.2972 0.1898, 0.1743 -1.2972 0.185, 0.1709 -1.2972 0.1826, -1.063 -1.2972 0.0394, -1.063 -1.2972 0.175, -1.063 -1.2972 0.2067, -1.063 -1.2972 0.3102, -1.063 -1.2972 0.3337, -1.063 -1.2972 0.4151, -1.063 -1.2972 0.8268, 0.0402 -1.2972 0.3435, 0.0402 -1.2972 0.3344, -0.002 -1.2972 0.3344, 0.0083 -1.2972 0.4144, 0.0083 -1.2972 0.3435, -0.002 -1.2972 0.4144, 0.0423 -1.2972 0.2067, 0.0411 -1.2972 0.2074, -0.002 -1.2972 0.2074, 0.0411 -1.2972 0.2165, 0.0392 -1.2972 0.2782, 0.0083 -1.2972 0.2434, 0.0083 -1.2972 0.2165, 0.037 -1.2972 0.2434, 0.037 -1.2972 0.2526, 0.0083 -1.2972 0.2526, 0.0083 -1.2972 0.2782, -0.002 -1.2972 0.2874, 0.0392 -1.2972 0.2874, 0.0423 -1.2972 0.8268, 0.1514 -1.2972 0.8268, 0.1701 -1.2972 0.8268, 0.2143 -1.2972 0.8268, 0.2451 -1.2972 0.8268, 0.2704 -1.2972 0.8268, 1.063 -1.2972 0.8268, 0.2779 -1.2972 0.2074, 0.2779 -1.2972 0.2874, 0.2999 -1.2972 0.2074, 0.4082 -1.2972 0.2074, 0.4196 -1.2972 0.2074, 1.063 -1.2972 0.2067, 0.3891 -1.2972 0.2874, 1.063 -1.2972 0.3102, 0.4 -1.2972 0.2293, 0.3667 -1.2972 0.2293, 0.359 -1.2972 0.2074, 0.3476 -1.2972 0.2074, 0.3781 -1.2972 0.2874, 0.337 -1.2972 0.2257, 0.331 -1.2972 0.2186, 0.3227 -1.2972 0.2126, 0.3136 -1.2972 0.209, 0.331 -1.2972 0.2768, 0.3338 -1.2972 0.2741, 0.3388 -1.2972 0.2671, 0.3418 -1.2972 0.2595, 0.3008 -1.2972 0.2874, 0.313 -1.2972 0.2861, 0.3227 -1.2972 0.2825, 0.3431 -1.2972 0.2484, 0.3429 -1.2972 0.2433, 0.3409 -1.2972 0.234, 0.2451 -1.2972 0.175, 0.2704 -1.2972 0.175, 1.063 -1.2972 0.175, 0.0423 -1.2972 0.0394, 0.0471 -1.2972 0.0394, 0.1148 -1.2972 0.0394, 0.1514 -1.2972 0.0394, 0.1701 -1.2972 0.0394, 0.2143 -1.2972 0.0394, 0.2451 -1.2972 0.0394, 0.2704 -1.2972 0.0394, 1.063 -1.2972 0.0394, 1.2992 -1.061 0.0394, 1.2992 -0.6476 0.0394, 1.2992 -1.061 0.8268, 1.2992 -0.6476 0.0787, 1.2992 -0.5886 0.0787, 1.2992 -0.5886 0.315, 1.2992 1.065 0.8268, 1.2992 0.5925 0.315, 1.2992 0.6516 0.0394, 1.2992 1.065 0.0394, 1.2992 0.6516 0.0787, 1.2992 0.5925 0.0787, 0.748 -0.5886 0.0787, 0.6693 -0.6476 0.0787, 0.6489 -0.645 0.0787, 0.6299 -0.6371 0.0787, 0.6136 -0.6246 0.0787, 0.6011 -0.6083 0.0787, 0.5932 -0.5893 0.0787, 0.5906 -0.5689 0.0787, 0.748 0.5925 0.0787, 0.5906 0.5728 0.0787, 0.5932 0.5932 0.0787, 0.6693 0.6516 0.0787, 0.6489 0.6489 0.0787, 0.6299 0.641 0.0787, 0.6011 0.6122 0.0787, 0.6136 0.6285 0.0787, -1.2992 0.6516 0.0787, -1.2992 0.5925 0.0787, -1.2992 0.5925 0.315, -1.2992 1.065 0.8268, -1.2992 1.065 0.0394, -1.2992 0.6516 0.0394, -1.2992 -1.061 0.8268, -1.2992 -0.5886 0.315, -1.2992 -0.6476 0.0394, -1.2992 -1.061 0.0394, -1.2992 -0.6476 0.0787, -1.2992 -0.5886 0.0787, -0.748 0.5925 0.0787, -0.6693 0.6516 0.0787, -0.6693 -0.6476 0.0787, -0.748 -0.5886 0.0787, -0.5906 0.5728 0.0787, -0.5906 -0.5689 0.0787, -0.6489 0.6489 0.0787, -0.6299 0.641 0.0787, -0.6136 0.6285 0.0787, -0.5932 -0.5893 0.0787, -0.6011 -0.6083 0.0787, -0.6136 -0.6246 0.0787, -0.6011 0.6122 0.0787, -0.5932 0.5932 0.0787, -0.6299 -0.6371 0.0787, -0.6489 -0.645 0.0787, -0.6136 -0.6246 0.0394, -0.6011 -0.6083 0.0394, -1.1241 1.2931 0.0394, -1.063 1.3012 0.0394, -0.6693 0.6516 0.0394, -0.6693 -0.6476 0.0394, -0.6299 -0.6371 0.0394, -1.2912 -1.1222 0.0394, 0.6693 -0.6476 0.0394, -0.6489 -0.645 0.0394, -1.1241 -1.2892 0.0394, -1.1811 -1.2656 0.0394, 0.6299 -0.6371 0.0394, 0.6489 -0.645 0.0394, -0.6011 0.6122 0.0394, -0.6136 0.6285 0.0394, 1.063 1.3012 0.0394, -0.6299 0.641 0.0394, -0.6489 0.6489 0.0394, 0.6693 0.6516 0.0394, -1.23 -1.2281 0.0394, -1.2676 -1.1791 0.0394, 1.2912 1.1261 0.0394, 0.6299 0.641 0.0394, 0.6136 0.6285 0.0394, -0.5932 -0.5893 0.0394, 0.6011 -0.6083 0.0394, 0.6136 -0.6246 0.0394, 1.2912 -1.1222 0.0394, 1.2676 -1.1791 0.0394, 1.23 -1.2281 0.0394, 1.1811 -1.2656 0.0394, 1.1241 -1.2892 0.0394, 0.6011 0.6122 0.0394, 0.5932 0.5932 0.0394, -0.5932 0.5932 0.0394, -1.2912 1.1261 0.0394, -1.2676 1.1831 0.0394, 0.6489 0.6489 0.0394, 1.1241 1.2931 0.0394, 1.1811 1.2695 0.0394, -1.23 1.232 0.0394, -1.1811 1.2695 0.0394, 1.23 1.232 0.0394, 1.2676 1.1831 0.0394, -0.5906 0.5728 0.0394, 0.5906 0.5728 0.0394, -0.5906 -0.5689 0.0394, 0.5906 -0.5689 0.0394, 0.5932 -0.5893 0.0394, 1.2947 1.111 0.8268, 1.2902 1.1258 0.8268, 1.2812 1.1554 0.8268, 1.2667 1.1826 0.8268, 1.2594 1.1962 0.8268, 1.23 1.232 0.8268, 1.1942 1.2614 0.8268, 1.1806 1.2686 0.8268, 1.1534 1.2832 0.8268, 1.1238 1.2922 0.8268, 1.1091 1.2966 0.8268, 1.063 1.3012 0.8268, -1.063 1.3012 0.8268, -1.1091 1.2966 0.8268, -1.1238 1.2922 0.8268, -1.1534 1.2832 0.8268, -1.1806 1.2686 0.8268, -1.1942 1.2614 0.8268, -1.23 1.232 0.8268, -1.2594 1.1962 0.8268, -1.2667 1.1826 0.8268, -1.2812 1.1554 0.8268, -1.2902 1.1258 0.8268, -1.2947 1.111 0.8268, -1.2947 -1.1071 0.8268, -1.2812 -1.1514 0.8268, -1.2902 -1.1219 0.8268, -1.2594 -1.1923 0.8268, -1.2667 -1.1787 0.8268, -1.1942 -1.2574 0.8268, -1.23 -1.2281 0.8268, -1.1091 -1.2927 0.8268, -1.1238 -1.2882 0.8268, -1.1534 -1.2793 0.8268, -1.1806 -1.2647 0.8268, 1.1238 -1.2882 0.8268, 1.1091 -1.2927 0.8268, 1.1534 -1.2793 0.8268, 1.1806 -1.2647 0.8268, 1.1942 -1.2574 0.8268, 1.23 -1.2281 0.8268, 1.2594 -1.1923 0.8268, 1.2667 -1.1787 0.8268, 1.2812 -1.1514 0.8268, 1.2902 -1.1219 0.8268, 1.2947 -1.1071 0.8268, -1.2598 1.065 0.8661, -1.2598 -1.061 0.8661, -1.063 1.2618 0.8661, 1.063 1.2618 0.8661, -1.063 -1.2579 0.8661, 1.063 -1.2579 0.8661, 1.2598 -1.061 0.8661, 1.2598 1.065 0.8661, 1.1724 1.2286 0.8661, 1.1383 1.2468 0.8661, 1.2561 1.1034 0.8661, 1.2449 1.1403 0.8661, 1.2022 1.2042 0.8661, 1.2267 1.1743 0.8661, -1.1014 -1.2541 0.8661, 1.1014 1.258 0.8661, -1.2022 -1.2002 0.8661, -1.1724 -1.2247 0.8661, -1.2267 -1.1704 0.8661, -1.2449 -1.1364 0.8661, -1.2561 -1.0994 0.8661, -1.1383 -1.2429 0.8661, -1.1014 1.258 0.8661, -1.1383 1.2468 0.8661, -1.1724 1.2286 0.8661, -1.2267 1.1743 0.8661, -1.2449 1.1403 0.8661, -1.2561 1.1034 0.8661, 1.2449 -1.1364 0.8661, 1.1383 -1.2429 0.8661, 1.2267 -1.1704 0.8661, 1.1724 -1.2247 0.8661, 1.2022 -1.2002 0.8661, -1.2022 1.2042 0.8661, 1.1014 -1.2541 0.8661, 1.2561 -1.0994 0.8661
            ]
        }
        coordIndex [
            0,1,2,-1,3,4,5,-1,6,7,8,-1,9,10,11,-1,12,13,14,-1,15,16,17,-1,18,19,20,-1,21,22,23,-1,24,25,26,-1,27,28,29,-1,29,28,3,-1,30,31,29,-1,29,31,32,-1,32,33,29,-1,29,33,34,-1,29,34,27,-1,35,36,37,-1,38,39,40,-1,40,39,37,-1,37,39,41,-1,37,41,35,-1,42,43,44,-1,38,40,45,-1,45,40,44,-1,45,44,46,-1,43,47,44,-1,44,47,48,-1,44,48,46,-1,46,48,49,-1,46,49,50,-1,50,49,51,-1,50,51,52,-1,26,25,53,-1,25,54,53,-1,53,54,55,-1,53,55,44,-1,44,55,56,-1,44,56,42,-1,57,58,59,-1,59,58,60,-1,59,60,61,-1,61,62,59,-1,59,62,63,-1,59,63,26,-1,26,63,64,-1,26,64,24,-1,65,57,66,-1,66,57,59,-1,66,59,67,-1,67,59,68,-1,67,68,69,-1,69,68,70,-1,71,72,73,-1,72,74,73,-1,73,74,75,-1,73,75,76,-1,76,75,77,-1,76,77,68,-1,68,77,78,-1,68,78,70,-1,0,79,1,-1,1,79,80,-1,1,80,81,-1,81,82,1,-1,1,82,83,-1,1,83,71,-1,84,85,4,-1,86,87,88,-1,89,90,0,-1,91,92,93,-1,93,92,94,-1,86,88,95,-1,89,0,96,-1,97,98,92,-1,92,98,99,-1,92,99,100,-1,4,85,0,-1,0,85,101,-1,0,101,96,-1,87,102,88,-1,88,102,103,-1,88,103,104,-1,105,106,107,-1,107,106,108,-1,107,108,109,-1,110,100,111,-1,111,100,112,-1,111,112,107,-1,107,112,113,-1,107,113,105,-1,110,114,100,-1,100,114,115,-1,100,115,92,-1,92,115,116,-1,92,116,94,-1,117,118,88,-1,88,118,119,-1,88,119,92,-1,92,119,120,-1,92,120,97,-1,90,121,0,-1,0,121,122,-1,0,122,79,-1,79,122,123,-1,79,123,124,-1,124,125,79,-1,79,125,126,-1,79,126,127,-1,128,129,130,-1,130,129,131,-1,130,131,88,-1,88,131,132,-1,88,132,95,-1,104,133,88,-1,88,133,134,-1,88,134,135,-1,127,136,79,-1,79,136,137,-1,79,137,138,-1,138,137,128,-1,138,128,139,-1,139,128,130,-1,135,140,88,-1,88,140,141,-1,88,141,117,-1,142,143,144,-1,144,100,142,-1,142,100,99,-1,142,99,145,-1,145,99,146,-1,146,147,145,-1,145,147,148,-1,145,148,149,-1,150,151,152,-1,150,152,153,-1,154,152,155,-1,143,142,154,-1,154,142,156,-1,154,156,152,-1,152,156,157,-1,152,157,153,-1,155,158,154,-1,154,158,159,-1,154,159,160,-1,151,161,152,-1,152,161,162,-1,152,162,163,-1,163,162,164,-1,165,166,160,-1,160,166,167,-1,160,167,154,-1,168,169,164,-1,164,169,170,-1,164,170,163,-1,28,171,3,-1,3,171,172,-1,3,172,4,-1,4,172,173,-1,4,173,84,-1,174,175,176,-1,176,175,177,-1,178,179,180,-1,181,182,174,-1,174,182,23,-1,23,182,183,-1,23,183,21,-1,180,184,185,-1,185,184,186,-1,185,186,187,-1,175,188,177,-1,177,188,189,-1,177,189,190,-1,190,189,191,-1,192,193,194,-1,194,193,195,-1,196,197,198,-1,199,200,201,-1,201,200,202,-1,201,202,19,-1,203,204,205,-1,205,204,206,-1,205,206,202,-1,192,207,193,-1,193,207,208,-1,193,208,209,-1,209,208,198,-1,209,198,210,-1,210,198,197,-1,211,212,213,-1,213,212,214,-1,213,214,215,-1,216,217,218,-1,218,217,219,-1,215,220,213,-1,213,220,221,-1,213,221,222,-1,223,224,225,-1,226,227,205,-1,205,227,228,-1,205,228,203,-1,222,229,213,-1,213,229,230,-1,213,230,217,-1,217,230,195,-1,217,195,219,-1,219,195,193,-1,200,231,232,-1,232,231,233,-1,234,235,198,-1,198,235,236,-1,198,236,237,-1,216,238,217,-1,217,238,239,-1,217,239,240,-1,223,225,199,-1,225,241,199,-1,199,241,242,-1,199,242,200,-1,200,242,243,-1,200,243,231,-1,237,244,198,-1,198,244,245,-1,198,245,196,-1,233,246,232,-1,232,246,247,-1,232,247,248,-1,248,247,249,-1,248,249,250,-1,250,249,251,-1,18,20,252,-1,252,20,253,-1,252,253,254,-1,255,256,17,-1,249,257,258,-1,258,257,259,-1,258,259,260,-1,261,262,17,-1,17,262,263,-1,260,264,258,-1,258,264,265,-1,258,265,266,-1,266,265,267,-1,266,267,255,-1,268,269,256,-1,256,269,270,-1,256,270,17,-1,17,270,271,-1,17,271,261,-1,263,272,17,-1,17,272,273,-1,17,273,15,-1,274,275,276,-1,276,275,277,-1,276,277,278,-1,276,279,274,-1,274,279,280,-1,274,280,281,-1,281,282,274,-1,274,282,283,-1,274,283,284,-1,284,283,285,-1,284,285,286,-1,286,285,287,-1,286,287,256,-1,256,287,288,-1,256,288,268,-1,289,290,278,-1,278,290,291,-1,278,291,276,-1,292,293,224,-1,224,293,294,-1,224,294,225,-1,292,295,293,-1,293,295,296,-1,293,296,297,-1,297,296,298,-1,297,299,300,-1,298,301,297,-1,297,301,302,-1,297,302,303,-1,303,304,297,-1,297,304,305,-1,297,305,299,-1,300,306,297,-1,297,306,307,-1,297,307,308,-1,309,310,311,-1,311,310,312,-1,311,312,313,-1,314,315,316,-1,316,315,317,-1,310,318,312,-1,312,318,319,-1,312,319,320,-1,320,319,321,-1,320,321,322,-1,322,321,323,-1,322,323,317,-1,317,323,324,-1,317,324,316,-1,325,326,327,-1,327,326,328,-1,328,326,329,-1,329,326,330,-1,329,330,331,-1,331,330,332,-1,331,332,333,-1,334,335,320,-1,336,337,322,-1,335,338,320,-1,320,338,339,-1,320,339,332,-1,332,339,340,-1,332,340,333,-1,336,322,341,-1,327,342,325,-1,325,342,343,-1,325,343,322,-1,322,343,344,-1,322,344,341,-1,337,345,322,-1,322,345,346,-1,322,346,320,-1,320,346,347,-1,320,347,334,-1,326,348,349,-1,349,348,350,-1,349,351,326,-1,326,351,352,-1,326,352,330,-1,330,352,353,-1,330,353,354,-1,355,356,357,-1,357,356,358,-1,358,356,359,-1,359,356,352,-1,359,352,360,-1,360,352,351,-1,360,351,14,-1,14,351,361,-1,14,361,12,-1,350,348,362,-1,362,348,363,-1,362,363,364,-1,365,363,366,-1,366,363,367,-1,353,368,354,-1,354,368,364,-1,354,364,11,-1,11,364,363,-1,11,363,369,-1,369,363,365,-1,9,11,370,-1,371,372,369,-1,369,372,373,-1,369,373,11,-1,11,373,374,-1,11,374,370,-1,375,376,377,-1,378,379,369,-1,369,379,380,-1,369,380,381,-1,381,382,369,-1,369,382,383,-1,369,383,371,-1,384,385,386,-1,386,385,387,-1,376,388,377,-1,377,388,387,-1,377,387,389,-1,389,387,385,-1,375,377,390,-1,390,377,391,-1,390,391,369,-1,369,391,392,-1,369,392,378,-1,7,393,394,-1,394,393,395,-1,395,393,396,-1,395,396,367,-1,8,397,398,-1,398,399,8,-1,8,399,400,-1,8,400,6,-1,401,402,403,-1,404,405,406,-1,406,405,407,-1,406,407,8,-1,8,407,408,-1,8,408,397,-1,409,410,411,-1,411,410,412,-1,413,414,217,-1,217,414,415,-1,217,415,411,-1,411,415,416,-1,411,416,409,-1,10,413,258,-1,258,413,217,-1,258,217,249,-1,249,217,240,-1,249,240,251,-1,19,202,20,-1,20,202,206,-1,20,206,253,-1,253,206,417,-1,253,417,211,-1,211,417,418,-1,211,418,212,-1,419,420,421,-1,179,178,422,-1,422,178,423,-1,422,423,191,-1,191,423,421,-1,191,421,190,-1,190,421,420,-1,190,420,424,-1,425,426,427,-1,421,428,419,-1,419,428,429,-1,419,429,430,-1,430,429,425,-1,430,425,431,-1,431,425,427,-1,432,433,17,-1,17,433,434,-1,255,17,266,-1,266,17,434,-1,266,434,428,-1,428,434,435,-1,428,435,429,-1,436,433,437,-1,437,433,432,-1,437,432,438,-1,439,440,441,-1,442,443,17,-1,254,253,16,-1,16,253,439,-1,16,439,17,-1,17,439,441,-1,17,441,442,-1,443,444,17,-1,17,444,445,-1,17,445,446,-1,446,447,17,-1,17,447,448,-1,17,448,432,-1,432,448,449,-1,432,449,438,-1,450,451,452,-1,452,451,453,-1,452,453,439,-1,439,453,454,-1,439,454,440,-1,424,455,456,-1,455,457,456,-1,456,457,458,-1,456,458,452,-1,452,458,459,-1,452,459,450,-1,460,76,461,-1,461,76,68,-1,461,68,462,-1,462,68,59,-1,462,59,463,-1,463,59,26,-1,463,26,464,-1,464,26,53,-1,464,53,465,-1,465,53,44,-1,465,44,466,-1,466,44,40,-1,467,468,403,-1,403,468,469,-1,470,406,29,-1,402,404,403,-1,403,404,406,-1,403,406,467,-1,467,406,470,-1,467,470,471,-1,5,403,3,-1,3,403,469,-1,3,469,29,-1,29,469,472,-1,29,472,470,-1,473,474,475,-1,474,473,476,-1,476,473,5,-1,476,5,477,-1,478,479,480,-1,480,479,476,-1,480,476,481,-1,481,476,477,-1,481,477,482,-1,482,477,483,-1,2,473,0,-1,0,473,475,-1,0,475,4,-1,4,475,484,-1,4,484,5,-1,5,484,485,-1,5,485,477,-1,7,394,8,-1,8,394,486,-1,8,486,406,-1,406,486,37,-1,406,37,29,-1,29,37,36,-1,29,36,30,-1,2,211,473,-1,473,211,213,-1,473,213,5,-1,5,213,217,-1,5,217,403,-1,403,217,411,-1,403,411,401,-1,401,411,412,-1,10,258,11,-1,11,258,266,-1,11,266,354,-1,354,266,428,-1,354,428,330,-1,330,428,421,-1,330,421,332,-1,332,421,423,-1,332,423,320,-1,320,423,178,-1,320,178,312,-1,367,363,395,-1,395,363,348,-1,395,348,487,-1,487,348,326,-1,487,326,488,-1,488,326,325,-1,488,325,489,-1,489,325,322,-1,489,322,490,-1,490,322,317,-1,490,317,491,-1,491,317,315,-1,491,315,492,-1,493,494,178,-1,185,181,180,-1,180,181,174,-1,180,174,178,-1,178,174,176,-1,178,176,493,-1,493,176,495,-1,496,176,497,-1,497,176,498,-1,497,498,499,-1,499,498,500,-1,501,502,496,-1,496,502,503,-1,496,503,176,-1,176,503,504,-1,176,504,495,-1,316,313,314,-1,314,313,312,-1,314,312,500,-1,500,312,178,-1,500,178,499,-1,499,178,505,-1,504,506,507,-1,507,508,504,-1,504,508,509,-1,504,509,495,-1,510,511,505,-1,505,511,512,-1,505,512,513,-1,494,514,178,-1,178,514,515,-1,178,515,505,-1,505,515,516,-1,505,516,510,-1,513,517,505,-1,505,517,518,-1,505,518,504,-1,504,518,519,-1,504,519,506,-1,424,456,190,-1,190,456,520,-1,190,520,177,-1,177,520,521,-1,177,521,176,-1,176,521,522,-1,176,522,498,-1,71,73,1,-1,1,73,523,-1,1,523,2,-1,2,523,524,-1,2,524,211,-1,211,524,525,-1,211,525,253,-1,253,525,526,-1,253,526,439,-1,439,526,527,-1,439,527,452,-1,452,527,528,-1,452,528,456,-1,456,528,529,-1,456,529,520,-1,520,529,530,-1,520,530,521,-1,521,530,531,-1,521,531,522,-1,532,533,534,-1,534,533,535,-1,535,536,534,-1,534,536,537,-1,534,537,538,-1,538,537,539,-1,540,541,542,-1,542,541,538,-1,542,538,543,-1,543,538,539,-1,536,535,544,-1,544,535,545,-1,544,545,546,-1,546,547,544,-1,544,547,548,-1,544,548,549,-1,549,550,544,-1,544,550,551,-1,544,551,552,-1,552,551,553,-1,552,553,554,-1,542,543,555,-1,555,543,552,-1,555,552,556,-1,556,552,557,-1,554,558,552,-1,552,558,559,-1,552,559,557,-1,560,561,562,-1,563,564,565,-1,565,560,563,-1,563,560,562,-1,563,562,566,-1,566,562,567,-1,568,569,570,-1,570,569,566,-1,570,566,571,-1,571,566,567,-1,561,560,572,-1,572,560,573,-1,570,571,574,-1,574,571,575,-1,572,576,575,-1,575,576,577,-1,573,578,572,-1,572,578,579,-1,572,579,580,-1,577,581,575,-1,575,581,582,-1,575,582,583,-1,580,584,572,-1,572,584,585,-1,572,585,576,-1,583,586,575,-1,575,586,587,-1,575,587,574,-1,588,589,531,-1,590,591,592,-1,569,568,593,-1,588,531,594,-1,569,593,595,-1,596,533,532,-1,594,531,597,-1,597,531,460,-1,597,460,593,-1,593,460,598,-1,593,598,599,-1,589,600,531,-1,531,600,601,-1,531,601,596,-1,602,603,604,-1,604,603,605,-1,604,605,591,-1,591,605,606,-1,591,606,592,-1,541,540,607,-1,599,608,593,-1,593,608,609,-1,593,609,595,-1,541,607,610,-1,602,611,612,-1,613,614,589,-1,589,614,615,-1,589,615,600,-1,532,616,596,-1,596,616,617,-1,596,617,618,-1,618,619,596,-1,596,619,620,-1,596,620,531,-1,612,621,602,-1,602,621,622,-1,602,622,623,-1,565,564,592,-1,592,564,624,-1,592,624,625,-1,611,602,626,-1,626,602,604,-1,626,604,607,-1,607,604,627,-1,607,627,628,-1,625,629,592,-1,592,629,630,-1,592,630,590,-1,628,631,607,-1,607,631,632,-1,607,632,610,-1,623,622,633,-1,633,622,634,-1,633,634,635,-1,635,634,636,-1,635,636,613,-1,613,636,637,-1,613,637,614,-1,538,541,638,-1,638,541,610,-1,638,610,639,-1,639,610,640,-1,640,610,632,-1,640,632,641,-1,641,632,642,-1,642,632,631,-1,642,631,643,-1,643,631,644,-1,644,631,628,-1,644,628,645,-1,645,628,646,-1,646,628,627,-1,646,627,647,-1,647,627,648,-1,648,627,604,-1,648,604,649,-1,649,604,650,-1,650,604,591,-1,650,591,651,-1,651,591,590,-1,651,590,652,-1,652,590,653,-1,653,590,630,-1,653,630,654,-1,654,630,655,-1,655,630,629,-1,655,629,656,-1,656,629,657,-1,657,629,625,-1,657,625,658,-1,658,625,659,-1,659,625,624,-1,659,624,660,-1,660,624,661,-1,661,624,564,-1,661,564,563,-1,566,569,662,-1,662,569,595,-1,609,663,595,-1,595,663,664,-1,595,664,662,-1,608,665,609,-1,609,665,666,-1,609,666,663,-1,599,667,608,-1,608,667,668,-1,608,668,665,-1,669,670,598,-1,598,670,671,-1,598,671,599,-1,599,671,672,-1,599,672,667,-1,460,461,598,-1,598,461,462,-1,598,462,463,-1,466,669,465,-1,465,669,598,-1,465,598,464,-1,464,598,463,-1,620,673,674,-1,674,492,315,-1,674,315,620,-1,620,315,314,-1,620,314,500,-1,500,498,620,-1,620,498,522,-1,620,522,531,-1,673,620,675,-1,675,620,619,-1,675,619,676,-1,676,619,677,-1,677,619,618,-1,677,618,678,-1,678,618,679,-1,679,618,617,-1,679,617,680,-1,680,617,681,-1,681,617,616,-1,681,616,682,-1,682,616,683,-1,683,616,532,-1,683,532,534,-1,684,685,686,-1,686,685,687,-1,688,689,690,-1,691,692,693,-1,691,694,692,-1,692,694,695,-1,692,695,696,-1,696,695,697,-1,698,688,685,-1,685,688,690,-1,685,690,687,-1,687,690,691,-1,687,691,699,-1,699,691,693,-1,700,701,702,-1,702,701,703,-1,685,704,698,-1,698,704,703,-1,698,703,705,-1,705,703,701,-1,706,707,708,-1,709,710,686,-1,686,710,711,-1,686,711,684,-1,712,713,714,-1,714,713,715,-1,714,715,716,-1,706,708,686,-1,686,708,717,-1,686,717,709,-1,689,718,690,-1,690,718,713,-1,690,713,719,-1,719,713,712,-1,607,540,555,-1,555,540,542,-1,545,535,596,-1,596,535,533,-1,553,634,554,-1,554,634,622,-1,554,622,558,-1,558,622,621,-1,558,621,559,-1,559,621,612,-1,559,612,557,-1,557,612,611,-1,557,611,556,-1,556,611,626,-1,556,626,555,-1,555,626,607,-1,553,551,634,-1,634,551,636,-1,545,596,546,-1,546,596,601,-1,546,601,547,-1,547,601,600,-1,547,600,548,-1,548,600,615,-1,548,615,549,-1,549,615,614,-1,549,614,550,-1,550,614,637,-1,550,637,551,-1,551,637,636,-1,574,593,570,-1,570,593,568,-1,592,573,565,-1,565,573,560,-1,577,635,581,-1,581,635,613,-1,581,613,582,-1,582,613,589,-1,582,589,583,-1,583,589,588,-1,583,588,586,-1,586,588,594,-1,586,594,587,-1,587,594,597,-1,587,597,574,-1,574,597,593,-1,577,576,635,-1,635,576,633,-1,573,592,578,-1,578,592,606,-1,578,606,579,-1,579,606,605,-1,579,605,580,-1,580,605,603,-1,580,603,584,-1,584,603,602,-1,584,602,585,-1,585,602,623,-1,585,623,576,-1,576,623,633,-1,
        ]
    }
}
Shape{
    appearance Appearance {
        material  Material {
            diffuseColor 0.7529411764705882 0.7529411764705882 0.7529411764705882
            specularColor 0.3764705882352941 0.3764705882352941 0.3764705882352941
            ambientIntensity 0.7529
            transparency 0.0
            shininess 0.5
        }
    }
    geometry IndexedFaceSet {
        ccw TRUE
        solid FALSE
        coord DEF co Coordinate {
            point [
                -0.748 0.5925 0.0787, -0.748 0.5925 0.0, -1.2992 0.5925 0.0787, -1.2992 0.5925 0.0, -1.378 0.5925 0.2362, -1.2992 0.5925 0.315, -1.378 0.5925 0.0787, -1.3196 0.5925 0.0027, -1.3386 0.5925 0.0105, -1.3549 0.5925 0.0231, -1.3674 0.5925 0.0394, -1.3753 0.5925 0.0584, -1.3549 0.5925 0.2919, -1.3674 0.5925 0.2756, -1.3753 0.5925 0.2566, -1.3386 0.5925 0.3044, -1.3196 0.5925 0.3123, -0.748 -0.5886 0.0, -0.748 -0.5886 0.0787, -1.2992 -0.5886 0.0, -1.2992 -0.5886 0.0787, -1.3196 -0.5886 0.0027, -1.3386 -0.5886 0.0105, -1.2992 -0.5886 0.315, -1.3196 -0.5886 0.3123, -1.378 -0.5886 0.2362, -1.3386 -0.5886 0.3044, -1.3753 -0.5886 0.0584, -1.3674 -0.5886 0.0394, -1.3549 -0.5886 0.0231, -1.378 -0.5886 0.0787, -1.3549 -0.5886 0.2919, -1.3674 -0.5886 0.2756, -1.3753 -0.5886 0.2566, 0.748 0.5925 0.0, 0.748 0.5925 0.0787, 1.2992 0.5925 0.0, 1.2992 0.5925 0.0787, 1.3196 0.5925 0.0027, 1.3386 0.5925 0.0105, 1.3196 0.5925 0.3123, 1.3386 0.5925 0.3044, 1.2992 0.5925 0.315, 1.3549 0.5925 0.2919, 1.3674 0.5925 0.2756, 1.3753 0.5925 0.0584, 1.3674 0.5925 0.0394, 1.3549 0.5925 0.0231, 1.3753 0.5925 0.2566, 1.378 0.5925 0.2362, 1.378 0.5925 0.0787, 0.748 -0.5886 0.0787, 0.748 -0.5886 0.0, 1.2992 -0.5886 0.0787, 1.2992 -0.5886 0.0, 1.3196 -0.5886 0.0027, 1.3753 -0.5886 0.2566, 1.3674 -0.5886 0.2756, 1.2992 -0.5886 0.315, 1.3549 -0.5886 0.2919, 1.3196 -0.5886 0.3123, 1.3386 -0.5886 0.3044, 1.3386 -0.5886 0.0105, 1.3549 -0.5886 0.0231, 1.3674 -0.5886 0.0394, 1.3753 -0.5886 0.0584, 1.378 -0.5886 0.0787, 1.378 -0.5886 0.2362
            ]
        }
        coordIndex [
            0,1,2,-1,2,1,3,-1,4,5,6,-1,6,5,2,-1,3,7,2,-1,2,7,8,-1,2,8,9,-1,9,10,2,-1,2,10,11,-1,2,11,6,-1,12,4,13,-1,13,4,14,-1,12,15,4,-1,4,15,16,-1,4,16,5,-1,17,18,19,-1,19,18,20,-1,19,20,21,-1,21,20,22,-1,23,24,25,-1,25,24,26,-1,27,28,20,-1,20,28,29,-1,20,29,22,-1,23,25,20,-1,20,25,30,-1,20,30,27,-1,26,31,25,-1,25,31,32,-1,25,32,33,-1,1,0,17,-1,17,0,18,-1,3,1,19,-1,19,1,17,-1,3,19,21,-1,3,21,7,-1,7,21,22,-1,7,22,8,-1,8,22,29,-1,8,29,9,-1,9,29,28,-1,9,28,10,-1,10,28,27,-1,10,27,11,-1,11,27,30,-1,11,30,6,-1,4,6,25,-1,25,6,30,-1,4,25,33,-1,4,33,14,-1,14,33,32,-1,14,32,13,-1,13,32,31,-1,13,31,12,-1,12,31,26,-1,12,26,15,-1,15,26,24,-1,15,24,16,-1,16,24,23,-1,16,23,5,-1,34,35,36,-1,36,35,37,-1,36,37,38,-1,38,37,39,-1,40,41,42,-1,42,41,43,-1,42,43,44,-1,45,46,37,-1,37,46,47,-1,37,47,39,-1,44,48,42,-1,42,48,49,-1,42,49,37,-1,37,49,50,-1,37,50,45,-1,51,52,53,-1,53,52,54,-1,53,54,55,-1,56,57,58,-1,58,57,59,-1,58,59,60,-1,60,59,61,-1,55,62,53,-1,53,62,63,-1,53,63,64,-1,64,65,53,-1,53,65,66,-1,53,66,58,-1,58,66,67,-1,58,67,56,-1,42,58,60,-1,42,60,40,-1,40,60,61,-1,40,61,41,-1,41,61,59,-1,41,59,43,-1,43,59,57,-1,43,57,44,-1,44,57,56,-1,44,56,48,-1,48,56,67,-1,48,67,49,-1,50,49,66,-1,66,49,67,-1,50,66,65,-1,50,65,45,-1,45,65,64,-1,45,64,46,-1,46,64,63,-1,46,63,47,-1,47,63,62,-1,47,62,39,-1,39,62,55,-1,39,55,38,-1,38,55,54,-1,38,54,36,-1,34,36,52,-1,52,36,54,-1,35,34,51,-1,51,34,52,-1,
        ]
    }
}
Shape{
    appearance Appearance {
        material  Material {
            diffuseColor 1.0 1.0 1.0
            specularColor 0.5019607843137255 0.5019607843137255 0.5019607843137255
            ambientIntensity 1.0
            transparency 0.0
            shininess 0.5
        }
    }
    geometry IndexedFaceSet {
        ccw TRUE
        solid FALSE
        coord DEF co Coordinate {
            point [
                0.0402 -1.3012 0.3435, 0.0402 -1.3012 0.3344, 0.0402 -1.2972 0.3435, 0.0402 -1.2972 0.3344, 0.0083 -1.3012 0.3435, 0.0083 -1.2972 0.3435, 0.0083 -1.3012 0.4144, 0.0083 -1.2972 0.4144, -0.002 -1.3012 0.4144, -0.002 -1.2972 0.4144, -0.002 -1.3012 0.3344, -0.002 -1.2972 0.3344, 0.0813 -1.3012 0.333, 0.0813 -1.2972 0.333, 0.0935 -1.3012 0.3342, 0.0883 -1.2972 0.3337, 0.0935 -1.2972 0.3342, 0.1021 -1.2972 0.337, 0.1021 -1.3012 0.337, 0.1034 -1.2972 0.3377, 0.1034 -1.3012 0.3377, 0.1034 -1.3012 0.3476, 0.1034 -1.2972 0.3476, 0.0956 -1.2972 0.3441, 0.0956 -1.3012 0.3441, 0.0865 -1.2972 0.3424, 0.0865 -1.3012 0.3424, 0.0828 -1.2972 0.3422, 0.0828 -1.3012 0.3422, 0.0747 -1.2972 0.3432, 0.0747 -1.3012 0.3432, 0.069 -1.2972 0.3454, 0.069 -1.3012 0.3454, 0.0638 -1.2972 0.3491, 0.0638 -1.3012 0.3491, 0.0622 -1.2972 0.3507, 0.0622 -1.3012 0.3507, 0.0583 -1.2972 0.3561, 0.0583 -1.3012 0.3561, 0.0557 -1.2972 0.3626, 0.0557 -1.3012 0.3626, 0.0544 -1.2972 0.3706, 0.0544 -1.3012 0.3706, 0.0543 -1.2972 0.3735, 0.0543 -1.3012 0.3735, 0.0557 -1.2972 0.3846, 0.0557 -1.3012 0.3846, 0.0584 -1.2972 0.3915, 0.0584 -1.3012 0.3915, 0.0627 -1.2972 0.3976, 0.0627 -1.3012 0.3976, 0.0682 -1.2972 0.4021, 0.0682 -1.3012 0.4021, 0.0745 -1.2972 0.405, 0.0745 -1.3012 0.405, 0.0815 -1.2972 0.4063, 0.0815 -1.3012 0.4063, 0.0846 -1.2972 0.4065, 0.0846 -1.3012 0.4065, 0.0944 -1.2972 0.4053, 0.0944 -1.3012 0.4053, 0.1025 -1.2972 0.4022, 0.1025 -1.3012 0.4022, 0.1034 -1.2972 0.4017, 0.1034 -1.3012 0.4017, 0.1034 -1.3012 0.4125, 0.1034 -1.2972 0.4125, 0.0845 -1.2972 0.4158, 0.0845 -1.3012 0.4158, 0.0845 -1.3012 0.4158, 0.095 -1.2972 0.415, 0.095 -1.3012 0.415, 0.093 -1.2972 0.4151, 0.0845 -1.2972 0.4158, 0.0789 -1.2972 0.4151, 0.0728 -1.3012 0.4144, 0.0728 -1.2972 0.4144, 0.0645 -1.2972 0.4111, 0.0645 -1.3012 0.4111, 0.057 -1.2972 0.4059, 0.057 -1.3012 0.4059, 0.0551 -1.2972 0.404, 0.0551 -1.3012 0.404, 0.0492 -1.2972 0.3964, 0.0471 -1.2972 0.3913, 0.0454 -1.3012 0.3875, 0.0492 -1.3012 0.3964, 0.0454 -1.2972 0.3875, 0.0436 -1.2972 0.3771, 0.0436 -1.3012 0.3771, 0.0435 -1.2972 0.3729, 0.0435 -1.3012 0.3729, 0.0451 -1.2972 0.3598, 0.0471 -1.2972 0.3547, 0.0484 -1.3012 0.3514, 0.0451 -1.3012 0.3598, 0.0484 -1.2972 0.3514, 0.0538 -1.2972 0.344, 0.0538 -1.3012 0.344, 0.0764 -1.3012 0.3333, 0.0602 -1.2972 0.3386, 0.0602 -1.3012 0.3386, 0.0678 -1.2972 0.335, 0.0678 -1.3012 0.335, 0.0743 -1.2972 0.3337, 0.0764 -1.2972 0.3333, 0.1625 -1.3012 0.3435, 0.1625 -1.3012 0.3344, 0.1625 -1.2972 0.3435, 0.1625 -1.2972 0.3344, 0.1298 -1.2972 0.3435, 0.1298 -1.3012 0.3435, 0.1514 -1.2972 0.3435, 0.1298 -1.3012 0.3704, 0.1298 -1.2972 0.3704, 0.1584 -1.3012 0.3704, 0.1514 -1.2972 0.3704, 0.1584 -1.2972 0.3704, 0.1584 -1.3012 0.3796, 0.1584 -1.2972 0.3796, 0.1298 -1.2972 0.3796, 0.1298 -1.3012 0.3796, 0.1514 -1.2972 0.3796, 0.1298 -1.3012 0.4052, 0.1298 -1.2972 0.4052, 0.1607 -1.3012 0.4052, 0.1514 -1.2972 0.4052, 0.1607 -1.2972 0.4052, 0.1607 -1.3012 0.4144, 0.1607 -1.2972 0.4144, 0.1195 -1.2972 0.4144, 0.1195 -1.3012 0.4144, 0.1514 -1.2972 0.4144, 0.1195 -1.3012 0.3344, 0.1195 -1.2972 0.3344, 0.1514 -1.2972 0.3344, 0.2308 -1.3012 0.3456, 0.2225 -1.3012 0.351, 0.2225 -1.3012 0.3396, 0.2174 -1.3012 0.3474, 0.2134 -1.3012 0.3361, 0.2108 -1.3012 0.3449, 0.1997 -1.3012 0.3344, 0.1996 -1.3012 0.3435, 0.1777 -1.3012 0.3344, 0.188 -1.3012 0.3435, 0.1777 -1.3012 0.4144, 0.188 -1.3012 0.4052, 0.2005 -1.3012 0.4144, 0.2001 -1.3012 0.4052, 0.2127 -1.3012 0.4131, 0.2104 -1.3012 0.4041, 0.2224 -1.3012 0.4096, 0.2173 -1.3012 0.4016, 0.2308 -1.3012 0.4038, 0.2232 -1.3012 0.3977, 0.2336 -1.3012 0.4011, 0.2254 -1.3012 0.3956, 0.2385 -1.3012 0.3942, 0.2285 -1.3012 0.3911, 0.2415 -1.3012 0.3865, 0.2308 -1.3012 0.3853, 0.2428 -1.3012 0.3754, 0.232 -1.3012 0.3752, 0.2426 -1.3012 0.3704, 0.2316 -1.3012 0.3689, 0.2407 -1.3012 0.361, 0.2298 -1.3012 0.3618, 0.2367 -1.3012 0.3527, 0.2269 -1.3012 0.356, 0.2234 -1.3012 0.3519, 0.1997 -1.2972 0.3344, 0.1777 -1.2972 0.3344, 0.2308 -1.2972 0.3456, 0.2134 -1.2972 0.3361, 0.2143 -1.2972 0.3364, 0.2225 -1.2972 0.3396, 0.2367 -1.2972 0.3527, 0.2407 -1.2972 0.361, 0.2426 -1.2972 0.3704, 0.2428 -1.2972 0.3754, 0.2415 -1.2972 0.3865, 0.2385 -1.2972 0.3942, 0.2336 -1.2972 0.4011, 0.2308 -1.2972 0.4038, 0.2005 -1.2972 0.4144, 0.2224 -1.2972 0.4096, 0.2143 -1.2972 0.4125, 0.2127 -1.2972 0.4131, 0.1777 -1.2972 0.4144, 0.2001 -1.2972 0.4052, 0.188 -1.2972 0.4052, 0.188 -1.2972 0.3435, 0.1996 -1.2972 0.3435, 0.2234 -1.2972 0.3519, 0.2225 -1.2972 0.351, 0.2174 -1.2972 0.3474, 0.2108 -1.2972 0.3449, 0.232 -1.2972 0.3752, 0.2316 -1.2972 0.3689, 0.2298 -1.2972 0.3618, 0.2269 -1.2972 0.356, 0.2232 -1.2972 0.3977, 0.2254 -1.2972 0.3956, 0.2285 -1.2972 0.3911, 0.2308 -1.2972 0.3853, 0.2104 -1.2972 0.4041, 0.2173 -1.2972 0.4016
            ]
        }
        coordIndex [
            0,1,2,-1,2,1,3,-1,4,0,5,-1,5,0,2,-1,6,4,7,-1,7,4,5,-1,8,6,9,-1,9,6,7,-1,10,8,11,-1,11,8,9,-1,1,10,3,-1,3,10,11,-1,6,8,4,-1,4,8,10,-1,4,10,0,-1,0,10,1,-1,12,13,14,-1,14,13,15,-1,15,16,14,-1,14,16,17,-1,14,17,18,-1,18,17,19,-1,18,19,20,-1,21,20,22,-1,22,20,19,-1,21,22,23,-1,21,23,24,-1,24,23,25,-1,24,25,26,-1,26,25,27,-1,26,27,28,-1,28,27,29,-1,28,29,30,-1,30,29,31,-1,30,31,32,-1,32,31,33,-1,32,33,34,-1,34,33,35,-1,34,35,36,-1,36,35,37,-1,36,37,38,-1,38,37,39,-1,38,39,40,-1,40,39,41,-1,40,41,42,-1,42,41,43,-1,42,43,44,-1,44,43,45,-1,44,45,46,-1,46,45,47,-1,46,47,48,-1,48,47,49,-1,48,49,50,-1,50,49,51,-1,50,51,52,-1,52,51,53,-1,52,53,54,-1,54,53,55,-1,54,55,56,-1,56,55,57,-1,56,57,58,-1,58,57,59,-1,58,59,60,-1,60,59,61,-1,60,61,62,-1,62,61,63,-1,62,63,64,-1,65,64,66,-1,66,64,63,-1,67,68,69,-1,65,66,70,-1,65,70,71,-1,71,70,72,-1,71,72,69,-1,69,72,73,-1,69,73,67,-1,68,67,74,-1,68,74,75,-1,74,76,75,-1,75,76,77,-1,75,77,78,-1,78,77,79,-1,78,79,80,-1,80,79,81,-1,80,81,82,-1,82,81,83,-1,84,85,83,-1,83,85,86,-1,83,86,82,-1,84,87,85,-1,85,87,88,-1,85,88,89,-1,89,88,90,-1,89,90,91,-1,91,90,92,-1,93,94,92,-1,92,94,95,-1,92,95,91,-1,93,96,94,-1,94,96,97,-1,94,97,98,-1,13,12,99,-1,98,97,100,-1,98,100,101,-1,101,100,102,-1,101,102,103,-1,103,102,104,-1,103,104,99,-1,99,104,105,-1,99,105,13,-1,62,64,65,-1,52,80,50,-1,50,80,82,-1,50,82,48,-1,48,82,86,-1,48,86,46,-1,62,65,60,-1,60,65,71,-1,60,71,58,-1,58,71,69,-1,58,69,56,-1,56,69,68,-1,56,68,54,-1,54,68,75,-1,54,75,52,-1,52,75,78,-1,52,78,80,-1,91,44,89,-1,89,44,46,-1,89,46,85,-1,85,46,86,-1,20,21,18,-1,18,21,24,-1,18,24,14,-1,14,24,26,-1,14,26,12,-1,12,26,28,-1,12,28,99,-1,99,28,30,-1,99,30,103,-1,103,30,32,-1,103,32,101,-1,101,32,34,-1,101,34,98,-1,98,34,36,-1,98,36,94,-1,94,36,38,-1,94,38,95,-1,95,38,40,-1,95,40,91,-1,91,40,42,-1,91,42,44,-1,106,107,108,-1,108,107,109,-1,110,111,112,-1,112,111,106,-1,112,106,108,-1,113,111,114,-1,114,111,110,-1,113,114,115,-1,115,114,116,-1,115,116,117,-1,118,115,119,-1,119,115,117,-1,120,121,122,-1,122,121,118,-1,122,118,119,-1,123,121,124,-1,124,121,120,-1,123,124,125,-1,125,124,126,-1,125,126,127,-1,128,125,129,-1,129,125,127,-1,130,131,132,-1,132,131,128,-1,132,128,129,-1,133,131,134,-1,134,131,130,-1,133,134,107,-1,107,134,135,-1,107,135,109,-1,133,107,106,-1,106,111,133,-1,133,111,113,-1,133,113,131,-1,125,128,123,-1,123,128,131,-1,123,131,121,-1,121,131,113,-1,121,113,118,-1,118,113,115,-1,136,137,138,-1,138,137,139,-1,138,139,140,-1,140,139,141,-1,140,141,142,-1,142,141,143,-1,142,143,144,-1,144,143,145,-1,144,145,146,-1,146,145,147,-1,146,147,148,-1,148,147,149,-1,148,149,150,-1,150,149,151,-1,150,151,152,-1,152,151,153,-1,152,153,154,-1,154,153,155,-1,154,155,156,-1,156,155,157,-1,156,157,158,-1,158,157,159,-1,158,159,160,-1,160,159,161,-1,160,161,162,-1,162,161,163,-1,162,163,164,-1,164,163,165,-1,164,165,166,-1,166,165,167,-1,166,167,168,-1,168,167,169,-1,168,169,136,-1,136,169,170,-1,136,170,137,-1,142,144,171,-1,171,144,172,-1,173,136,138,-1,142,171,174,-1,142,174,140,-1,140,174,175,-1,140,175,138,-1,138,175,176,-1,138,176,173,-1,136,173,177,-1,136,177,168,-1,168,177,178,-1,168,178,166,-1,166,178,179,-1,166,179,164,-1,164,179,180,-1,164,180,162,-1,162,180,181,-1,162,181,160,-1,160,181,182,-1,160,182,158,-1,158,182,183,-1,158,183,156,-1,156,183,184,-1,156,184,154,-1,185,148,150,-1,154,184,186,-1,154,186,152,-1,152,186,187,-1,152,187,150,-1,150,187,188,-1,150,188,185,-1,146,148,189,-1,189,148,185,-1,144,146,172,-1,172,146,189,-1,149,147,190,-1,190,147,191,-1,147,145,191,-1,191,145,192,-1,145,143,192,-1,192,143,193,-1,170,194,195,-1,170,195,137,-1,137,195,196,-1,137,196,139,-1,139,196,197,-1,139,197,141,-1,141,197,193,-1,141,193,143,-1,163,198,199,-1,163,199,165,-1,165,199,200,-1,165,200,167,-1,167,200,201,-1,167,201,169,-1,169,201,194,-1,169,194,170,-1,155,202,203,-1,155,203,157,-1,157,203,204,-1,157,204,159,-1,159,204,205,-1,159,205,161,-1,161,205,198,-1,161,198,163,-1,149,190,206,-1,149,206,151,-1,151,206,207,-1,151,207,153,-1,153,207,202,-1,153,202,155,-1,
        ]
    }
}
Shape{
    appearance Appearance {
        material  Material {
            diffuseColor 0.25098039215686274 0.25098039215686274 0.25098039215686274
            specularColor 0.12549019607843137 0.12549019607843137 0.12549019607843137
            ambientIntensity 0.251
            transparency 0.0
            shininess 0.5
        }
    }
    geometry IndexedFaceSet {
        ccw TRUE
        solid FALSE
        coord DEF co Coordinate {
            point [
                0.2225 -1.2972 0.351, 0.2234 -1.2972 0.3519, 0.2001 -1.2972 0.4052, 0.188 -1.2972 0.4052, 0.188 -1.2972 0.3435, 0.1996 -1.2972 0.3435, 0.2108 -1.2972 0.3449, 0.2174 -1.2972 0.3474, 0.2269 -1.2972 0.356, 0.2298 -1.2972 0.3618, 0.2316 -1.2972 0.3689, 0.232 -1.2972 0.3752, 0.2308 -1.2972 0.3853, 0.2285 -1.2972 0.3911, 0.2254 -1.2972 0.3956, 0.2232 -1.2972 0.3977, 0.2104 -1.2972 0.4041, 0.2173 -1.2972 0.4016
            ]
        }
        coordIndex [
            0,1,2,-1,3,4,2,-1,2,4,5,-1,5,6,2,-1,2,6,7,-1,2,7,0,-1,1,8,2,-1,2,8,9,-1,2,9,10,-1,10,11,2,-1,2,11,12,-1,2,12,13,-1,13,14,2,-1,2,14,15,-1,2,15,16,-1,16,15,17,-1,
        ]
    }
}
Shape{
    appearance Appearance {
        material  Material {
            diffuseColor 1.0 1.0 1.0
            specularColor 0.5019607843137255 0.5019607843137255 0.5019607843137255
            ambientIntensity 1.0
            transparency 0.0
            shininess 0.5
        }
    }
    geometry IndexedFaceSet {
        ccw TRUE
        solid FALSE
        coord DEF co Coordinate {
            point [
                0.2697 -1.3012 0.3653, 0.2664 -1.3012 0.3563, 0.2965 -1.3012 0.3653, 0.2997 -1.3012 0.3563, 0.2816 -1.3012 0.3986, 0.2778 -1.3012 0.4144, 0.2473 -1.3012 0.3344, 0.2587 -1.3012 0.3344, 0.2823 -1.3012 0.401, 0.283 -1.3012 0.4042, 0.2888 -1.3012 0.4144, 0.2832 -1.3012 0.4042, 0.2839 -1.3012 0.4008, 0.2845 -1.3012 0.3986, 0.3193 -1.3012 0.3344, 0.3079 -1.3012 0.3344, 0.2888 -1.2972 0.4144, 0.3193 -1.2972 0.3344, 0.2778 -1.2972 0.4144, 0.2473 -1.2972 0.3344, 0.2704 -1.2972 0.395, 0.2587 -1.2972 0.3344, 0.2664 -1.2972 0.3563, 0.2997 -1.2972 0.3563, 0.2704 -1.2972 0.3563, 0.3079 -1.2972 0.3344, 0.2697 -1.2972 0.3653, 0.2965 -1.2972 0.3653, 0.2845 -1.2972 0.3986, 0.2832 -1.2972 0.4042, 0.2839 -1.2972 0.4008, 0.283 -1.2972 0.4042, 0.2816 -1.2972 0.3986, 0.2823 -1.2972 0.401
            ]
        }
        coordIndex [
            0,1,2,-1,2,1,3,-1,4,5,0,-1,0,5,6,-1,0,6,1,-1,1,6,7,-1,4,8,5,-1,5,8,9,-1,5,9,10,-1,10,9,11,-1,10,11,12,-1,12,13,10,-1,10,13,2,-1,10,2,14,-1,14,2,3,-1,14,3,15,-1,10,14,16,-1,16,14,17,-1,5,10,18,-1,18,10,16,-1,19,6,20,-1,20,6,5,-1,20,5,18,-1,7,6,21,-1,21,6,19,-1,1,7,22,-1,22,7,21,-1,23,3,24,-1,24,3,1,-1,24,1,22,-1,15,3,25,-1,25,3,23,-1,14,15,17,-1,17,15,25,-1,0,2,26,-1,26,2,27,-1,2,13,27,-1,27,13,28,-1,11,29,30,-1,11,30,12,-1,12,30,28,-1,12,28,13,-1,11,9,29,-1,29,9,31,-1,4,32,33,-1,4,33,8,-1,8,33,31,-1,8,31,9,-1,4,0,32,-1,32,0,26,-1,
        ]
    }
}
Shape{
    appearance Appearance {
        material  Material {
            diffuseColor 0.25098039215686274 0.25098039215686274 0.25098039215686274
            specularColor 0.12549019607843137 0.12549019607843137 0.12549019607843137
            ambientIntensity 0.251
            transparency 0.0
            shininess 0.5
        }
    }
    geometry IndexedFaceSet {
        ccw TRUE
        solid FALSE
        coord DEF co Coordinate {
            point [
                0.2832 -1.2972 0.4042, 0.283 -1.2972 0.4042, 0.2839 -1.2972 0.4008, 0.2823 -1.2972 0.401, 0.2845 -1.2972 0.3986, 0.2816 -1.2972 0.3986, 0.2965 -1.2972 0.3653, 0.2697 -1.2972 0.3653
            ]
        }
        coordIndex [
            0,1,2,-1,2,1,3,-1,2,3,4,-1,4,3,5,-1,4,5,6,-1,6,5,7,-1,
        ]
    }
}
Shape{
    appearance Appearance {
        material  Material {
            diffuseColor 1.0 1.0 1.0
            specularColor 0.5019607843137255 0.5019607843137255 0.5019607843137255
            ambientIntensity 1.0
            transparency 0.0
            shininess 0.5
        }
    }
    geometry IndexedFaceSet {
        ccw TRUE
        solid FALSE
        coord DEF co Coordinate {
            point [
                0.0411 -1.3012 0.2165, 0.0411 -1.3012 0.2074, 0.0411 -1.2972 0.2165, 0.0411 -1.2972 0.2074, 0.0083 -1.3012 0.2165, 0.0083 -1.2972 0.2165, 0.0083 -1.3012 0.2434, 0.0083 -1.2972 0.2434, 0.037 -1.3012 0.2434, 0.037 -1.2972 0.2434, 0.037 -1.3012 0.2526, 0.037 -1.2972 0.2526, 0.0083 -1.3012 0.2526, 0.0083 -1.2972 0.2526, 0.0083 -1.3012 0.2782, 0.0083 -1.2972 0.2782, 0.0392 -1.3012 0.2782, 0.0392 -1.2972 0.2782, 0.0392 -1.3012 0.2874, 0.0392 -1.2972 0.2874, -0.002 -1.3012 0.2874, -0.002 -1.2972 0.2874, -0.002 -1.3012 0.2074, -0.002 -1.2972 0.2074, 0.0863 -1.3012 0.2162, 0.0866 -1.3012 0.2162, 0.0859 -1.3012 0.2254, 0.0647 -1.3012 0.2316, 0.0669 -1.3012 0.2328, 0.0613 -1.3012 0.2392, 0.0866 -1.3012 0.2299, 0.0966 -1.3012 0.2442, 0.0866 -1.3012 0.2306, 0.0866 -1.3012 0.2361, 0.0866 -1.3012 0.2074, 0.0966 -1.3012 0.2074, 0.083 -1.3012 0.2651, 0.0807 -1.3012 0.2565, 0.0869 -1.3012 0.2637, 0.0825 -1.3012 0.2554, 0.0844 -1.3012 0.2218, 0.0823 -1.3012 0.2189, 0.0847 -1.3012 0.2138, 0.081 -1.3012 0.2177, 0.0816 -1.3012 0.2104, 0.0782 -1.3012 0.2158, 0.078 -1.3012 0.208, 0.0751 -1.3012 0.2147, 0.074 -1.3012 0.2066, 0.0714 -1.3012 0.2142, 0.0688 -1.3012 0.206, 0.068 -1.3012 0.2146, 0.0628 -1.3012 0.2067, 0.0657 -1.3012 0.2154, 0.0589 -1.3012 0.2082, 0.0637 -1.3012 0.2168, 0.0556 -1.3012 0.2105, 0.0629 -1.3012 0.2177, 0.0696 -1.3012 0.2413, 0.0732 -1.3012 0.2343, 0.0866 -1.3012 0.2437, 0.0562 -1.3012 0.2605, 0.0562 -1.3012 0.2508, 0.0583 -1.3012 0.2617, 0.0632 -1.3012 0.2551, 0.0657 -1.3012 0.2646, 0.0695 -1.3012 0.2572, 0.0759 -1.3012 0.2659, 0.075 -1.3012 0.2577, 0.0784 -1.3012 0.2573, 0.0862 -1.3012 0.2481, 0.0956 -1.3012 0.2526, 0.0852 -1.3012 0.2517, 0.094 -1.3012 0.2569, 0.084 -1.3012 0.2538, 0.0918 -1.3012 0.26, 0.0901 -1.3012 0.2617, 0.0635 -1.3012 0.2307, 0.0573 -1.3012 0.2369, 0.0623 -1.3012 0.2292, 0.0544 -1.3012 0.2342, 0.0614 -1.3012 0.2274, 0.0523 -1.3012 0.231, 0.0609 -1.3012 0.2251, 0.0511 -1.3012 0.2273, 0.0608 -1.3012 0.2235, 0.0507 -1.3012 0.2227, 0.0611 -1.3012 0.2212, 0.0512 -1.3012 0.2178, 0.0617 -1.3012 0.2194, 0.0525 -1.3012 0.2145, 0.0546 -1.3012 0.2115, 0.0759 -1.2972 0.2659, 0.0657 -1.2972 0.2646, 0.0583 -1.2972 0.2617, 0.0562 -1.2972 0.2605, 0.0562 -1.2972 0.2508, 0.0632 -1.2972 0.2551, 0.0695 -1.2972 0.2572, 0.075 -1.2972 0.2577, 0.0784 -1.2972 0.2573, 0.0807 -1.2972 0.2565, 0.0825 -1.2972 0.2554, 0.084 -1.2972 0.2538, 0.0852 -1.2972 0.2517, 0.0862 -1.2972 0.2481, 0.0866 -1.2972 0.2437, 0.0696 -1.2972 0.2413, 0.0613 -1.2972 0.2392, 0.0573 -1.2972 0.2369, 0.0544 -1.2972 0.2342, 0.0523 -1.2972 0.231, 0.0511 -1.2972 0.2273, 0.0507 -1.2972 0.2227, 0.0512 -1.2972 0.2178, 0.0525 -1.2972 0.2145, 0.0546 -1.2972 0.2115, 0.0556 -1.2972 0.2105, 0.0688 -1.2972 0.206, 0.063 -1.2972 0.2067, 0.0628 -1.2972 0.2067, 0.0589 -1.2972 0.2082, 0.074 -1.2972 0.2066, 0.0742 -1.2972 0.2067, 0.078 -1.2972 0.208, 0.0816 -1.2972 0.2104, 0.0847 -1.2972 0.2138, 0.0863 -1.2972 0.2162, 0.0866 -1.2972 0.2162, 0.0866 -1.2972 0.2074, 0.0966 -1.2972 0.2074, 0.0966 -1.2972 0.2442, 0.0956 -1.2972 0.2526, 0.094 -1.2972 0.2569, 0.0918 -1.2972 0.26, 0.0901 -1.2972 0.2617, 0.0869 -1.2972 0.2637, 0.083 -1.2972 0.2651, 0.0635 -1.2972 0.2307, 0.0647 -1.2972 0.2316, 0.0669 -1.2972 0.2328, 0.0732 -1.2972 0.2343, 0.0608 -1.2972 0.2235, 0.0609 -1.2972 0.2251, 0.0614 -1.2972 0.2274, 0.0623 -1.2972 0.2292, 0.0637 -1.2972 0.2168, 0.0629 -1.2972 0.2177, 0.0617 -1.2972 0.2194, 0.0611 -1.2972 0.2212, 0.0714 -1.2972 0.2142, 0.068 -1.2972 0.2146, 0.0657 -1.2972 0.2154, 0.0823 -1.2972 0.2189, 0.081 -1.2972 0.2177, 0.0782 -1.2972 0.2158, 0.0751 -1.2972 0.2147, 0.0866 -1.2972 0.2306, 0.0866 -1.2972 0.2299, 0.0859 -1.2972 0.2254, 0.0844 -1.2972 0.2218, 0.0866 -1.2972 0.2361
            ]
        }
        coordIndex [
            0,1,2,-1,2,1,3,-1,4,0,5,-1,5,0,2,-1,6,4,7,-1,7,4,5,-1,8,6,9,-1,9,6,7,-1,10,8,11,-1,11,8,9,-1,12,10,13,-1,13,10,11,-1,14,12,15,-1,15,12,13,-1,16,14,17,-1,17,14,15,-1,18,16,19,-1,19,16,17,-1,20,18,21,-1,21,18,19,-1,22,20,23,-1,23,20,21,-1,1,22,3,-1,3,22,23,-1,22,1,0,-1,0,4,22,-1,22,4,6,-1,22,6,20,-1,16,18,14,-1,14,18,20,-1,14,20,12,-1,12,20,6,-1,12,6,10,-1,10,6,8,-1,24,25,26,-1,27,28,29,-1,30,31,32,-1,32,31,33,-1,34,35,25,-1,25,35,31,-1,25,31,26,-1,26,31,30,-1,36,37,38,-1,38,37,39,-1,26,40,24,-1,24,40,41,-1,24,41,42,-1,42,41,43,-1,42,43,44,-1,44,43,45,-1,44,45,46,-1,46,45,47,-1,46,47,48,-1,48,47,49,-1,48,49,50,-1,50,49,51,-1,50,51,52,-1,52,51,53,-1,52,53,54,-1,54,53,55,-1,54,55,56,-1,56,55,57,-1,29,28,58,-1,58,28,59,-1,58,59,60,-1,61,62,63,-1,63,62,64,-1,63,64,65,-1,65,64,66,-1,65,66,67,-1,67,66,68,-1,67,68,36,-1,36,68,69,-1,36,69,37,-1,59,33,60,-1,60,33,31,-1,60,31,70,-1,70,31,71,-1,70,71,72,-1,72,71,73,-1,72,73,74,-1,74,73,75,-1,74,75,39,-1,39,75,76,-1,39,76,38,-1,27,29,77,-1,77,29,78,-1,77,78,79,-1,79,78,80,-1,79,80,81,-1,81,80,82,-1,81,82,83,-1,83,82,84,-1,83,84,85,-1,85,84,86,-1,85,86,87,-1,87,86,88,-1,87,88,89,-1,89,88,90,-1,89,90,57,-1,57,90,91,-1,57,91,56,-1,67,92,93,-1,67,93,65,-1,65,93,94,-1,65,94,63,-1,63,94,95,-1,63,95,61,-1,62,61,96,-1,96,61,95,-1,62,96,97,-1,62,97,64,-1,64,97,98,-1,64,98,66,-1,66,98,99,-1,66,99,68,-1,68,99,100,-1,68,100,69,-1,69,100,101,-1,69,101,37,-1,37,101,102,-1,37,102,39,-1,39,102,103,-1,39,103,74,-1,74,103,104,-1,74,104,72,-1,72,104,105,-1,72,105,70,-1,70,105,106,-1,70,106,60,-1,58,60,107,-1,107,60,106,-1,58,107,108,-1,58,108,29,-1,29,108,109,-1,29,109,78,-1,78,109,110,-1,78,110,80,-1,80,110,111,-1,80,111,82,-1,82,111,112,-1,82,112,84,-1,84,112,113,-1,84,113,86,-1,86,113,114,-1,86,114,88,-1,88,114,115,-1,88,115,90,-1,90,115,116,-1,90,116,91,-1,91,116,117,-1,91,117,56,-1,118,50,119,-1,119,50,52,-1,119,52,120,-1,120,52,54,-1,120,54,121,-1,121,54,56,-1,121,56,117,-1,50,118,122,-1,50,122,48,-1,48,122,123,-1,48,123,46,-1,123,124,46,-1,46,124,125,-1,46,125,44,-1,44,125,126,-1,44,126,42,-1,42,126,127,-1,42,127,24,-1,25,24,128,-1,128,24,127,-1,34,25,129,-1,129,25,128,-1,35,34,130,-1,130,34,129,-1,31,35,131,-1,131,35,130,-1,31,131,132,-1,31,132,71,-1,71,132,133,-1,71,133,73,-1,73,133,134,-1,73,134,75,-1,75,134,135,-1,75,135,76,-1,76,135,136,-1,76,136,38,-1,38,136,137,-1,38,137,36,-1,36,137,92,-1,36,92,67,-1,77,138,139,-1,77,139,27,-1,27,139,140,-1,27,140,28,-1,28,140,141,-1,28,141,59,-1,85,142,143,-1,85,143,83,-1,83,143,144,-1,83,144,81,-1,81,144,145,-1,81,145,79,-1,79,145,138,-1,79,138,77,-1,55,146,147,-1,55,147,57,-1,57,147,148,-1,57,148,89,-1,89,148,149,-1,89,149,87,-1,87,149,142,-1,87,142,85,-1,49,150,151,-1,49,151,51,-1,51,151,152,-1,51,152,53,-1,53,152,146,-1,53,146,55,-1,41,153,154,-1,41,154,43,-1,43,154,155,-1,43,155,45,-1,45,155,156,-1,45,156,47,-1,47,156,150,-1,47,150,49,-1,32,157,158,-1,32,158,30,-1,30,158,159,-1,30,159,26,-1,26,159,160,-1,26,160,40,-1,40,160,153,-1,40,153,41,-1,32,33,157,-1,157,33,161,-1,33,59,161,-1,161,59,141,-1,
        ]
    }
}
Shape{
    appearance Appearance {
        material  Material {
            diffuseColor 0.25098039215686274 0.25098039215686274 0.25098039215686274
            specularColor 0.12549019607843137 0.12549019607843137 0.12549019607843137
            ambientIntensity 0.251
            transparency 0.0
            shininess 0.5
        }
    }
    geometry IndexedFaceSet {
        ccw TRUE
        solid FALSE
        coord DEF co Coordinate {
            point [
                0.0866 -1.2972 0.2299, 0.0866 -1.2972 0.2306, 0.0635 -1.2972 0.2307, 0.0866 -1.2972 0.2361, 0.0732 -1.2972 0.2343, 0.0669 -1.2972 0.2328, 0.0647 -1.2972 0.2316, 0.0859 -1.2972 0.2254, 0.0623 -1.2972 0.2292, 0.0844 -1.2972 0.2218, 0.0629 -1.2972 0.2177, 0.0637 -1.2972 0.2168, 0.081 -1.2972 0.2177, 0.0617 -1.2972 0.2194, 0.0782 -1.2972 0.2158, 0.0751 -1.2972 0.2147, 0.0714 -1.2972 0.2142, 0.0614 -1.2972 0.2274, 0.0609 -1.2972 0.2251, 0.0823 -1.2972 0.2189, 0.0608 -1.2972 0.2235, 0.0611 -1.2972 0.2212, 0.0657 -1.2972 0.2154, 0.068 -1.2972 0.2146
            ]
        }
        coordIndex [
            0,1,2,-1,1,3,4,-1,4,5,1,-1,1,5,6,-1,1,6,2,-1,0,2,7,-1,7,2,8,-1,7,8,9,-1,10,11,12,-1,10,12,13,-1,14,12,15,-1,15,12,16,-1,8,17,9,-1,9,17,18,-1,9,18,19,-1,19,18,20,-1,19,20,12,-1,12,20,21,-1,12,21,13,-1,11,22,12,-1,12,22,23,-1,12,23,16,-1,
        ]
    }
}
Shape{
    appearance Appearance {
        material  Material {
            diffuseColor 1.0 1.0 1.0
            specularColor 0.5019607843137255 0.5019607843137255 0.5019607843137255
            ambientIntensity 1.0
            transparency 0.0
            shininess 0.5
        }
    }
    geometry IndexedFaceSet {
        ccw TRUE
        solid FALSE
        coord DEF co Coordinate {
            point [
                0.1102 -1.2972 0.2197, 0.1102 -1.3012 0.2197, 0.1138 -1.3012 0.2175, 0.1267 -1.3012 0.2142, 0.1267 -1.2972 0.2142, 0.1201 -1.2972 0.215, 0.1201 -1.3012 0.215, 0.1148 -1.2972 0.2171, 0.1138 -1.2972 0.2175, 0.1102 -1.3012 0.2094, 0.1102 -1.2972 0.2094, 0.1172 -1.3012 0.2069, 0.1148 -1.2972 0.2077, 0.1257 -1.2972 0.206, 0.1257 -1.3012 0.206, 0.1192 -1.2972 0.2067, 0.1172 -1.2972 0.2069, 0.1348 -1.3012 0.2071, 0.1314 -1.2972 0.2067, 0.1348 -1.2972 0.2071, 0.1401 -1.2972 0.2091, 0.1401 -1.3012 0.2091, 0.1424 -1.2972 0.2106, 0.1424 -1.3012 0.2106, 0.1452 -1.2972 0.2131, 0.1452 -1.3012 0.2131, 0.1471 -1.2972 0.2157, 0.1471 -1.3012 0.2157, 0.1483 -1.2972 0.2189, 0.1483 -1.3012 0.2189, 0.1488 -1.2972 0.2229, 0.1488 -1.3012 0.2229, 0.1484 -1.2972 0.2267, 0.1484 -1.3012 0.2267, 0.1473 -1.2972 0.2296, 0.1473 -1.3012 0.2296, 0.1455 -1.2972 0.2324, 0.1455 -1.3012 0.2324, 0.1431 -1.2972 0.2345, 0.1431 -1.3012 0.2345, 0.1364 -1.2972 0.2382, 0.1364 -1.3012 0.2382, 0.1325 -1.2972 0.2398, 0.1325 -1.3012 0.2398, 0.1263 -1.2972 0.2425, 0.1263 -1.3012 0.2425, 0.1228 -1.2972 0.2447, 0.1228 -1.3012 0.2447, 0.1218 -1.2972 0.2458, 0.1218 -1.3012 0.2458, 0.1211 -1.2972 0.2471, 0.1211 -1.3012 0.2471, 0.1207 -1.2972 0.2487, 0.1207 -1.3012 0.2487, 0.1206 -1.2972 0.25, 0.1206 -1.3012 0.25, 0.1208 -1.2972 0.2516, 0.1208 -1.3012 0.2516, 0.1213 -1.2972 0.253, 0.1213 -1.3012 0.253, 0.1221 -1.2972 0.2542, 0.1221 -1.3012 0.2542, 0.1236 -1.2972 0.2556, 0.1236 -1.3012 0.2556, 0.1259 -1.2972 0.2568, 0.1259 -1.3012 0.2568, 0.1286 -1.2972 0.2575, 0.1286 -1.3012 0.2575, 0.1315 -1.2972 0.2577, 0.1315 -1.3012 0.2577, 0.1385 -1.2972 0.2569, 0.1385 -1.3012 0.2569, 0.1442 -1.2972 0.2547, 0.1442 -1.3012 0.2547, 0.1461 -1.2972 0.2536, 0.1461 -1.3012 0.2536, 0.1461 -1.3012 0.2633, 0.1461 -1.2972 0.2633, 0.1396 -1.2972 0.2652, 0.1396 -1.3012 0.2652, 0.1325 -1.2972 0.2659, 0.1325 -1.3012 0.2659, 0.1245 -1.2972 0.2649, 0.1245 -1.3012 0.2649, 0.1191 -1.2972 0.2628, 0.1191 -1.3012 0.2628, 0.1167 -1.2972 0.2613, 0.1167 -1.3012 0.2613, 0.1148 -1.2972 0.2596, 0.1137 -1.3012 0.2586, 0.1137 -1.2972 0.2586, 0.1118 -1.2972 0.2559, 0.1118 -1.3012 0.2559, 0.1106 -1.2972 0.2527, 0.1106 -1.3012 0.2527, 0.1103 -1.2972 0.2491, 0.1103 -1.3012 0.2491, 0.1107 -1.2972 0.2452, 0.1107 -1.3012 0.2452, 0.1118 -1.2972 0.2421, 0.1118 -1.3012 0.2421, 0.1131 -1.2972 0.2401, 0.1131 -1.3012 0.2401, 0.1254 -1.2972 0.2325, 0.1254 -1.3012 0.2325, 0.1195 -1.3012 0.2352, 0.1147 -1.2972 0.2383, 0.1147 -1.3012 0.2383, 0.1148 -1.2972 0.2383, 0.1195 -1.2972 0.2352, 0.132 -1.2972 0.2297, 0.132 -1.3012 0.2297, 0.1359 -1.2972 0.2274, 0.1359 -1.3012 0.2274, 0.1372 -1.2972 0.2261, 0.1372 -1.3012 0.2261, 0.138 -1.2972 0.2247, 0.138 -1.3012 0.2247, 0.1384 -1.2972 0.2232, 0.1384 -1.3012 0.2232, 0.1385 -1.2972 0.2219, 0.1385 -1.3012 0.2219, 0.1383 -1.2972 0.22, 0.1383 -1.3012 0.22, 0.1378 -1.2972 0.2186, 0.1378 -1.3012 0.2186, 0.1369 -1.2972 0.2173, 0.1369 -1.3012 0.2173, 0.1358 -1.2972 0.2163, 0.1358 -1.3012 0.2163, 0.1349 -1.2972 0.2157, 0.1349 -1.3012 0.2157, 0.1323 -1.2972 0.2148, 0.1323 -1.3012 0.2148, 0.1271 -1.2972 0.2142, 0.1271 -1.3012 0.2142, 0.1985 -1.3012 0.2645, 0.2089 -1.3012 0.2645, 0.1985 -1.2972 0.2645, 0.2089 -1.2972 0.2645, 0.1829 -1.3012 0.2215, 0.1829 -1.2972 0.2215, 0.1821 -1.2972 0.2188, 0.1821 -1.3012 0.2188, 0.1817 -1.2972 0.2169, 0.1817 -1.3012 0.2169, 0.1814 -1.3012 0.2169, 0.1814 -1.2972 0.2169, 0.1802 -1.3012 0.2216, 0.1802 -1.2972 0.2216, 0.1652 -1.2972 0.2645, 0.1652 -1.3012 0.2645, 0.1701 -1.2972 0.2506, 0.154 -1.3012 0.2645, 0.154 -1.2972 0.2645, 0.1765 -1.2972 0.2075, 0.1765 -1.3012 0.2075, 0.1701 -1.2972 0.2237, 0.1721 -1.2972 0.1971, 0.1721 -1.3012 0.1971, 0.1761 -1.2972 0.2067, 0.1701 -1.2972 0.1935, 0.17 -1.3012 0.1934, 0.17 -1.2972 0.1934, 0.1682 -1.2972 0.1913, 0.1682 -1.3012 0.1913, 0.1666 -1.2972 0.1902, 0.1666 -1.3012 0.1902, 0.1645 -1.2972 0.1894, 0.1645 -1.3012 0.1894, 0.1621 -1.2972 0.189, 0.1621 -1.3012 0.189, 0.1618 -1.2972 0.189, 0.1618 -1.3012 0.189, 0.1582 -1.2972 0.1895, 0.1582 -1.3012 0.1895, 0.1561 -1.2972 0.1902, 0.1561 -1.3012 0.1902, 0.1561 -1.3012 0.1812, 0.1561 -1.2972 0.1812, 0.1604 -1.2972 0.1805, 0.1604 -1.3012 0.1805, 0.1626 -1.2972 0.1804, 0.1626 -1.3012 0.1804, 0.167 -1.2972 0.181, 0.167 -1.3012 0.181, 0.1701 -1.2972 0.1822, 0.1709 -1.3012 0.1826, 0.1709 -1.2972 0.1826, 0.1743 -1.2972 0.185, 0.1743 -1.3012 0.185, 0.1784 -1.2972 0.1898, 0.1784 -1.3012 0.1898, 0.183 -1.2972 0.1987, 0.183 -1.3012 0.1987, 0.1861 -1.2972 0.2067, 0.2628 -1.3012 0.2165, 0.2628 -1.3012 0.2074, 0.2628 -1.2972 0.2165, 0.2628 -1.2972 0.2074, 0.2301 -1.2972 0.2165, 0.2301 -1.3012 0.2165, 0.2451 -1.2972 0.2165, 0.2301 -1.3012 0.2434, 0.2301 -1.2972 0.2434, 0.2587 -1.2972 0.2434, 0.2587 -1.3012 0.2434, 0.2451 -1.2972 0.2434, 0.2587 -1.3012 0.2526, 0.2587 -1.2972 0.2526, 0.2301 -1.2972 0.2526, 0.2301 -1.3012 0.2526, 0.2451 -1.2972 0.2526, 0.2301 -1.3012 0.2782, 0.2301 -1.2972 0.2782, 0.261 -1.2972 0.2782, 0.261 -1.3012 0.2782, 0.2451 -1.2972 0.2782, 0.261 -1.3012 0.2874, 0.261 -1.2972 0.2874, 0.2197 -1.2972 0.2874, 0.2197 -1.3012 0.2874, 0.2451 -1.2972 0.2874, 0.2197 -1.3012 0.2074, 0.2197 -1.2972 0.2074, 0.2451 -1.2972 0.2074, 0.331 -1.3012 0.2186, 0.3228 -1.3012 0.224, 0.3227 -1.3012 0.2126, 0.3177 -1.3012 0.2204, 0.3136 -1.3012 0.209, 0.3111 -1.3012 0.2178, 0.2999 -1.3012 0.2074, 0.2999 -1.3012 0.2165, 0.2779 -1.3012 0.2074, 0.2883 -1.3012 0.2165, 0.2779 -1.3012 0.2874, 0.2883 -1.3012 0.2782, 0.3008 -1.3012 0.2874, 0.3004 -1.3012 0.2782, 0.313 -1.3012 0.2861, 0.3107 -1.3012 0.2771, 0.3227 -1.3012 0.2825, 0.3176 -1.3012 0.2746, 0.331 -1.3012 0.2768, 0.3235 -1.3012 0.2707, 0.3338 -1.3012 0.2741, 0.3256 -1.3012 0.2685, 0.3388 -1.3012 0.2671, 0.3288 -1.3012 0.2641, 0.3418 -1.3012 0.2595, 0.331 -1.3012 0.2582, 0.3431 -1.3012 0.2484, 0.3322 -1.3012 0.2481, 0.3429 -1.3012 0.2433, 0.3318 -1.3012 0.2419, 0.3409 -1.3012 0.234, 0.3301 -1.3012 0.2348, 0.337 -1.3012 0.2257, 0.3272 -1.3012 0.229, 0.3237 -1.3012 0.2248, 0.2999 -1.2972 0.2074, 0.2779 -1.2972 0.2074, 0.3136 -1.2972 0.209, 0.3227 -1.2972 0.2126, 0.331 -1.2972 0.2186, 0.337 -1.2972 0.2257, 0.3409 -1.2972 0.234, 0.3429 -1.2972 0.2433, 0.3431 -1.2972 0.2484, 0.3418 -1.2972 0.2595, 0.3388 -1.2972 0.2671, 0.3338 -1.2972 0.2741, 0.331 -1.2972 0.2768, 0.3227 -1.2972 0.2825, 0.313 -1.2972 0.2861, 0.3008 -1.2972 0.2874, 0.2779 -1.2972 0.2874, 0.3004 -1.2972 0.2782, 0.2883 -1.2972 0.2782, 0.2883 -1.2972 0.2165, 0.2999 -1.2972 0.2165, 0.3237 -1.2972 0.2248, 0.3228 -1.2972 0.224, 0.3177 -1.2972 0.2204, 0.3111 -1.2972 0.2178, 0.3322 -1.2972 0.2481, 0.3318 -1.2972 0.2419, 0.3301 -1.2972 0.2348, 0.3272 -1.2972 0.229, 0.3235 -1.2972 0.2707, 0.3256 -1.2972 0.2685, 0.3288 -1.2972 0.2641, 0.331 -1.2972 0.2582, 0.3107 -1.2972 0.2771, 0.3176 -1.2972 0.2746
            ]
        }
        coordIndex [
            0,1,2,-1,3,4,5,-1,3,5,6,-1,6,5,7,-1,6,7,2,-1,2,7,8,-1,2,8,0,-1,9,1,10,-1,10,1,0,-1,9,10,11,-1,11,10,12,-1,13,14,15,-1,15,14,11,-1,15,11,16,-1,16,11,12,-1,14,13,17,-1,17,13,18,-1,18,19,17,-1,17,19,20,-1,17,20,21,-1,21,20,22,-1,21,22,23,-1,23,22,24,-1,23,24,25,-1,25,24,26,-1,25,26,27,-1,27,26,28,-1,27,28,29,-1,29,28,30,-1,29,30,31,-1,31,30,32,-1,31,32,33,-1,33,32,34,-1,33,34,35,-1,35,34,36,-1,35,36,37,-1,37,36,38,-1,37,38,39,-1,39,38,40,-1,39,40,41,-1,41,40,42,-1,41,42,43,-1,43,42,44,-1,43,44,45,-1,45,44,46,-1,45,46,47,-1,47,46,48,-1,47,48,49,-1,49,48,50,-1,49,50,51,-1,51,50,52,-1,51,52,53,-1,53,52,54,-1,53,54,55,-1,55,54,56,-1,55,56,57,-1,57,56,58,-1,57,58,59,-1,59,58,60,-1,59,60,61,-1,61,60,62,-1,61,62,63,-1,63,62,64,-1,63,64,65,-1,65,64,66,-1,65,66,67,-1,67,66,68,-1,67,68,69,-1,69,68,70,-1,69,70,71,-1,71,70,72,-1,71,72,73,-1,73,72,74,-1,73,74,75,-1,76,75,77,-1,77,75,74,-1,76,77,78,-1,76,78,79,-1,79,78,80,-1,79,80,81,-1,81,80,82,-1,81,82,83,-1,83,82,84,-1,83,84,85,-1,85,84,86,-1,85,86,87,-1,86,88,87,-1,87,88,89,-1,88,90,89,-1,89,90,91,-1,89,91,92,-1,92,91,93,-1,92,93,94,-1,94,93,95,-1,94,95,96,-1,96,95,97,-1,96,97,98,-1,98,97,99,-1,98,99,100,-1,100,99,101,-1,100,101,102,-1,103,104,105,-1,102,101,106,-1,102,106,107,-1,107,106,108,-1,107,108,105,-1,105,108,109,-1,105,109,103,-1,104,103,110,-1,104,110,111,-1,111,110,112,-1,111,112,113,-1,113,112,114,-1,113,114,115,-1,115,114,116,-1,115,116,117,-1,117,116,118,-1,117,118,119,-1,119,118,120,-1,119,120,121,-1,121,120,122,-1,121,122,123,-1,123,122,124,-1,123,124,125,-1,125,124,126,-1,125,126,127,-1,127,126,128,-1,127,128,129,-1,129,128,130,-1,129,130,131,-1,131,130,132,-1,131,132,133,-1,133,132,134,-1,133,134,135,-1,135,134,4,-1,135,4,3,-1,59,61,87,-1,87,61,85,-1,85,61,63,-1,85,63,83,-1,125,25,27,-1,111,43,104,-1,104,43,45,-1,125,27,123,-1,123,27,29,-1,123,29,121,-1,121,29,31,-1,121,31,119,-1,119,31,33,-1,119,33,117,-1,117,33,35,-1,117,35,115,-1,115,35,37,-1,115,37,113,-1,113,37,39,-1,113,39,111,-1,111,39,41,-1,111,41,43,-1,25,125,23,-1,23,125,127,-1,23,127,21,-1,14,3,11,-1,11,3,6,-1,11,6,9,-1,9,6,2,-1,9,2,1,-1,63,65,83,-1,83,65,67,-1,83,67,81,-1,81,67,69,-1,81,69,79,-1,79,69,71,-1,79,71,76,-1,76,71,73,-1,76,73,75,-1,127,129,21,-1,21,129,131,-1,21,131,17,-1,17,131,133,-1,17,133,14,-1,14,133,135,-1,14,135,3,-1,87,89,59,-1,59,89,92,-1,59,92,57,-1,57,92,94,-1,57,94,55,-1,55,94,96,-1,55,96,53,-1,53,96,98,-1,53,98,51,-1,51,98,100,-1,51,100,49,-1,49,100,102,-1,49,102,47,-1,47,102,107,-1,47,107,45,-1,45,107,105,-1,45,105,104,-1,136,137,138,-1,138,137,139,-1,140,136,141,-1,141,136,138,-1,140,141,142,-1,140,142,143,-1,143,142,144,-1,143,144,145,-1,146,145,147,-1,147,145,144,-1,148,146,149,-1,149,146,147,-1,150,151,152,-1,152,151,148,-1,152,148,149,-1,153,151,154,-1,154,151,150,-1,155,156,157,-1,157,156,153,-1,157,153,154,-1,158,159,160,-1,160,159,156,-1,160,156,155,-1,158,161,159,-1,159,161,162,-1,161,163,162,-1,162,163,164,-1,162,164,165,-1,165,164,166,-1,165,166,167,-1,167,166,168,-1,167,168,169,-1,169,168,170,-1,169,170,171,-1,171,170,172,-1,171,172,173,-1,173,172,174,-1,173,174,175,-1,175,174,176,-1,175,176,177,-1,178,177,179,-1,179,177,176,-1,178,179,180,-1,178,180,181,-1,181,180,182,-1,181,182,183,-1,183,182,184,-1,183,184,185,-1,185,184,186,-1,185,186,187,-1,186,188,187,-1,187,188,189,-1,187,189,190,-1,190,189,191,-1,190,191,192,-1,192,191,193,-1,192,193,194,-1,139,137,195,-1,195,137,194,-1,195,194,193,-1,143,145,194,-1,137,136,194,-1,194,136,140,-1,194,140,143,-1,151,153,148,-1,148,153,156,-1,148,156,146,-1,145,146,194,-1,194,146,156,-1,194,156,192,-1,156,159,192,-1,192,159,162,-1,192,162,190,-1,190,162,165,-1,190,165,187,-1,187,165,167,-1,187,167,185,-1,185,167,169,-1,185,169,183,-1,183,169,171,-1,183,171,181,-1,181,171,173,-1,181,173,178,-1,178,173,175,-1,178,175,177,-1,196,197,198,-1,198,197,199,-1,200,201,202,-1,202,201,196,-1,202,196,198,-1,203,201,204,-1,204,201,200,-1,205,206,207,-1,207,206,203,-1,207,203,204,-1,208,206,209,-1,209,206,205,-1,210,211,212,-1,212,211,208,-1,212,208,209,-1,213,211,214,-1,214,211,210,-1,215,216,217,-1,217,216,213,-1,217,213,214,-1,218,216,219,-1,219,216,215,-1,220,221,222,-1,222,221,218,-1,222,218,219,-1,223,221,224,-1,224,221,220,-1,199,197,225,-1,225,197,223,-1,225,223,224,-1,223,197,196,-1,196,201,223,-1,223,201,203,-1,223,203,221,-1,216,218,213,-1,213,218,221,-1,213,221,211,-1,211,221,203,-1,211,203,208,-1,208,203,206,-1,226,227,228,-1,228,227,229,-1,228,229,230,-1,230,229,231,-1,230,231,232,-1,232,231,233,-1,232,233,234,-1,234,233,235,-1,234,235,236,-1,236,235,237,-1,236,237,238,-1,238,237,239,-1,238,239,240,-1,240,239,241,-1,240,241,242,-1,242,241,243,-1,242,243,244,-1,244,243,245,-1,244,245,246,-1,246,245,247,-1,246,247,248,-1,248,247,249,-1,248,249,250,-1,250,249,251,-1,250,251,252,-1,252,251,253,-1,252,253,254,-1,254,253,255,-1,254,255,256,-1,256,255,257,-1,256,257,258,-1,258,257,259,-1,258,259,226,-1,226,259,260,-1,226,260,227,-1,232,234,261,-1,261,234,262,-1,232,261,263,-1,232,263,230,-1,230,263,264,-1,230,264,228,-1,228,264,265,-1,228,265,226,-1,226,265,266,-1,226,266,258,-1,258,266,267,-1,258,267,256,-1,256,267,268,-1,256,268,254,-1,254,268,269,-1,254,269,252,-1,252,269,270,-1,252,270,250,-1,250,270,271,-1,250,271,248,-1,248,271,272,-1,248,272,246,-1,246,272,273,-1,246,273,244,-1,244,273,274,-1,244,274,242,-1,242,274,275,-1,242,275,240,-1,240,275,276,-1,240,276,238,-1,236,238,277,-1,277,238,276,-1,234,236,262,-1,262,236,277,-1,239,237,278,-1,278,237,279,-1,237,235,279,-1,279,235,280,-1,235,233,280,-1,280,233,281,-1,260,282,283,-1,260,283,227,-1,227,283,284,-1,227,284,229,-1,229,284,285,-1,229,285,231,-1,231,285,281,-1,231,281,233,-1,253,286,287,-1,253,287,255,-1,255,287,288,-1,255,288,257,-1,257,288,289,-1,257,289,259,-1,259,289,282,-1,259,282,260,-1,245,290,291,-1,245,291,247,-1,247,291,292,-1,247,292,249,-1,249,292,293,-1,249,293,251,-1,251,293,286,-1,251,286,253,-1,239,278,294,-1,239,294,241,-1,241,294,295,-1,241,295,243,-1,243,295,290,-1,243,290,245,-1,
        ]
    }
}
Shape{
    appearance Appearance {
        material  Material {
            diffuseColor 0.25098039215686274 0.25098039215686274 0.25098039215686274
            specularColor 0.12549019607843137 0.12549019607843137 0.12549019607843137
            ambientIntensity 0.251
            transparency 0.0
            shininess 0.5
        }
    }
    geometry IndexedFaceSet {
        ccw TRUE
        solid FALSE
        coord DEF co Coordinate {
            point [
                0.3228 -1.2972 0.224, 0.3237 -1.2972 0.2248, 0.3004 -1.2972 0.2782, 0.2883 -1.2972 0.2782, 0.2883 -1.2972 0.2165, 0.2999 -1.2972 0.2165, 0.3111 -1.2972 0.2178, 0.3177 -1.2972 0.2204, 0.3272 -1.2972 0.229, 0.3301 -1.2972 0.2348, 0.3318 -1.2972 0.2419, 0.3322 -1.2972 0.2481, 0.331 -1.2972 0.2582, 0.3288 -1.2972 0.2641, 0.3256 -1.2972 0.2685, 0.3235 -1.2972 0.2707, 0.3107 -1.2972 0.2771, 0.3176 -1.2972 0.2746
            ]
        }
        coordIndex [
            0,1,2,-1,3,4,2,-1,2,4,5,-1,5,6,2,-1,2,6,7,-1,2,7,0,-1,1,8,2,-1,2,8,9,-1,2,9,10,-1,10,11,2,-1,2,11,12,-1,2,12,13,-1,13,14,2,-1,2,14,15,-1,2,15,16,-1,16,15,17,-1,
        ]
    }
}
Shape{
    appearance Appearance {
        material  Material {
            diffuseColor 1.0 1.0 1.0
            specularColor 0.5019607843137255 0.5019607843137255 0.5019607843137255
            ambientIntensity 1.0
            transparency 0.0
            shininess 0.5
        }
    }
    geometry IndexedFaceSet {
        ccw TRUE
        solid FALSE
        coord DEF co Coordinate {
            point [
                0.3699 -1.3012 0.2383, 0.3667 -1.3012 0.2293, 0.3968 -1.3012 0.2383, 0.4 -1.3012 0.2293, 0.3819 -1.3012 0.2716, 0.3781 -1.3012 0.2874, 0.3476 -1.3012 0.2074, 0.359 -1.3012 0.2074, 0.3826 -1.3012 0.274, 0.3832 -1.3012 0.2772, 0.3891 -1.3012 0.2874, 0.3835 -1.3012 0.2772, 0.3841 -1.3012 0.2738, 0.3847 -1.3012 0.2716, 0.4196 -1.3012 0.2074, 0.4082 -1.3012 0.2074, 0.3891 -1.2972 0.2874, 0.4196 -1.2972 0.2074, 0.3781 -1.2972 0.2874, 0.3476 -1.2972 0.2074, 0.359 -1.2972 0.2074, 0.3667 -1.2972 0.2293, 0.4 -1.2972 0.2293, 0.4082 -1.2972 0.2074, 0.3699 -1.2972 0.2383, 0.3968 -1.2972 0.2383, 0.3847 -1.2972 0.2716, 0.3835 -1.2972 0.2772, 0.3841 -1.2972 0.2738, 0.3832 -1.2972 0.2772, 0.3819 -1.2972 0.2716, 0.3826 -1.2972 0.274
            ]
        }
        coordIndex [
            0,1,2,-1,2,1,3,-1,4,5,0,-1,0,5,6,-1,0,6,1,-1,1,6,7,-1,4,8,5,-1,5,8,9,-1,5,9,10,-1,10,9,11,-1,10,11,12,-1,12,13,10,-1,10,13,2,-1,10,2,14,-1,14,2,3,-1,14,3,15,-1,10,14,16,-1,16,14,17,-1,5,10,18,-1,18,10,16,-1,6,5,19,-1,19,5,18,-1,7,6,20,-1,20,6,19,-1,1,7,21,-1,21,7,20,-1,3,1,22,-1,22,1,21,-1,15,3,23,-1,23,3,22,-1,14,15,17,-1,17,15,23,-1,0,2,24,-1,24,2,25,-1,2,13,25,-1,25,13,26,-1,11,27,28,-1,11,28,12,-1,12,28,26,-1,12,26,13,-1,11,9,27,-1,27,9,29,-1,4,30,31,-1,4,31,8,-1,8,31,29,-1,8,29,9,-1,4,0,30,-1,30,0,24,-1,
        ]
    }
}
Shape{
    appearance Appearance {
        material  Material {
            diffuseColor 0.25098039215686274 0.25098039215686274 0.25098039215686274
            specularColor 0.12549019607843137 0.12549019607843137 0.12549019607843137
            ambientIntensity 0.251
            transparency 0.0
            shininess 0.5
        }
    }
    geometry IndexedFaceSet {
        ccw TRUE
        solid FALSE
        coord DEF co Coordinate {
            point [
                0.3835 -1.2972 0.2772, 0.3832 -1.2972 0.2772, 0.3841 -1.2972 0.2738, 0.3826 -1.2972 0.274, 0.3847 -1.2972 0.2716, 0.3819 -1.2972 0.2716, 0.3968 -1.2972 0.2383, 0.3699 -1.2972 0.2383
            ]
        }
        coordIndex [
            0,1,2,-1,2,1,3,-1,2,3,4,-1,4,3,5,-1,4,5,6,-1,6,5,7,-1,
        ]
    }
}
Shape{
    appearance Appearance {
        material  Material {
            diffuseColor 1.0 1.0 1.0
            specularColor 0.5019607843137255 0.5019607843137255 0.5019607843137255
            ambientIntensity 1.0
            transparency 0.0
            shininess 0.5
        }
    }
    geometry IndexedFaceSet {
        ccw TRUE
        solid FALSE
        coord DEF co Coordinate {
            point [
                -0.3556 -1.3012 0.196, -0.3472 -1.3012 0.1856, -0.3608 -1.3012 0.2464, -0.2607 -1.3012 0.1938, -0.2539 -1.3012 0.2065, -0.2506 -1.3012 0.2206, -0.1706 -1.3012 0.2743, -0.1883 -1.3012 0.3044, -0.2503 -1.3012 0.2321, -0.2646 -1.3012 0.2646, -0.2503 -1.3012 0.2264, -0.2808 -1.3012 0.1761, -0.2695 -1.3012 0.184, -0.3732 -1.3012 0.254, -0.3706 -1.3012 0.2111, -0.3613 -1.3012 0.2082, -0.322 -1.3012 0.2088, -0.3174 -1.3012 0.2058, -0.336 -1.3012 0.1772, -0.312 -1.3012 0.2041, -0.1518 -1.3012 0.3306, -0.1473 -1.3012 0.3306, -0.1239 -1.3012 0.3614, -0.1365 -1.3012 0.3293, -0.1211 -1.3012 0.3604, -0.1265 -1.3012 0.3255, -0.1041 -1.3012 0.352, -0.0887 -1.3012 0.3389, -0.312 -1.3012 0.3494, -0.3078 -1.3012 0.3471, -0.3255 -1.3012 0.3887, -0.2994 -1.3012 0.3646, -0.3138 -1.3012 0.4023, -0.2868 -1.3012 0.38, -0.3004 -1.3012 0.4137, -0.2709 -1.3012 0.3916, -0.2866 -1.3012 0.4223, -0.3298 -1.3012 0.2226, -0.3284 -1.3012 0.2174, -0.3258 -1.3012 0.2128, -0.3229 -1.3012 0.1717, -0.3095 -1.3012 0.1695, -0.3078 -1.3012 0.2037, -0.3073 -1.3012 0.1695, -0.3029 -1.3012 0.2042, -0.2935 -1.3012 0.1712, -0.2979 -1.3012 0.206, -0.2935 -1.3012 0.2089, -0.2897 -1.3012 0.213, -0.0887 -1.3012 0.2327, -0.1152 -1.3012 0.2553, -0.1043 -1.3012 0.2195, -0.1237 -1.3012 0.2484, -0.1217 -1.3012 0.211, -0.1337 -1.3012 0.2437, -0.1405 -1.3012 0.2071, -0.1439 -1.3012 0.2418, -0.174 -1.3012 0.2071, -0.1695 -1.3012 0.2418, -0.1772 -1.3012 0.2076, -0.3834 -1.3012 0.2645, -0.4069 -1.3012 0.2355, -0.3909 -1.3012 0.2216, -0.3932 -1.3012 0.3125, -0.4306 -1.3012 0.3037, -0.3949 -1.3012 0.2987, -0.4308 -1.3012 0.2976, -0.3943 -1.3012 0.29, -0.4285 -1.3012 0.2771, -0.3902 -1.3012 0.2761, -0.4208 -1.3012 0.2558, -0.4086 -1.3012 0.2376, -0.2871 -1.3012 0.2337, -0.2858 -1.3012 0.2284, -0.2858 -1.3012 0.2234, -0.2871 -1.3012 0.2179, -0.1177 -1.3012 0.3193, -0.1111 -1.3012 0.3119, -0.0771 -1.3012 0.3227, -0.1058 -1.3012 0.3021, -0.0702 -1.3012 0.3053, -0.1032 -1.3012 0.2911, -0.0676 -1.3012 0.2868, -0.1029 -1.3012 0.2862, -0.0703 -1.3012 0.2662, -0.1042 -1.3012 0.2751, -0.0775 -1.3012 0.2482, -0.1082 -1.3012 0.265, -0.1144 -1.3012 0.2561, -0.1547 -1.3012 0.4063, -0.176 -1.3012 0.3793, -0.1361 -1.3012 0.3849, -0.1634 -1.3012 0.3637, -0.1549 -1.3012 0.3452, -0.3247 -1.3012 0.354, -0.332 -1.3012 0.3895, -0.338 -1.3012 0.3557, -0.3386 -1.3012 0.3898, -0.3438 -1.3012 0.3554, -0.3592 -1.3012 0.3875, -0.3579 -1.3012 0.3521, -0.3804 -1.3012 0.3798, -0.3706 -1.3012 0.3453, -0.3994 -1.3012 0.3668, -0.3805 -1.3012 0.3365, -0.404 -1.3012 0.3625, -0.3884 -1.3012 0.3252, -0.4168 -1.3012 0.3464, -0.4263 -1.3012 0.3262, -0.2604 -1.3012 0.4324, -0.2523 -1.3012 0.3991, -0.2321 -1.3012 0.4359, -0.2315 -1.3012 0.4018, -0.2086 -1.3012 0.4335, -0.2126 -1.3012 0.3995, -0.1801 -1.3012 0.4234, -0.1948 -1.3012 0.3928, -0.1787 -1.3012 0.3817, -0.3299 -1.3012 0.2282, -0.3286 -1.3012 0.2337, -0.3545 -1.3012 0.2586, -0.326 -1.3012 0.2386, -0.345 -1.3012 0.2694, -0.3223 -1.3012 0.2427, -0.3334 -1.3012 0.2775, -0.3177 -1.3012 0.2457, -0.3208 -1.3012 0.2823, -0.3127 -1.3012 0.2475, -0.3073 -1.3012 0.2839, -0.3078 -1.3012 0.2481, -0.3003 -1.3012 0.2835, -0.303 -1.3012 0.2475, -0.2866 -1.3012 0.2801, -0.2977 -1.3012 0.2456, -0.2745 -1.3012 0.2736, -0.2932 -1.3012 0.2425, -0.2895 -1.3012 0.2384, -0.1724 -1.3012 0.2423, -0.186 -1.3012 0.2131, -0.1847 -1.3012 0.2117, -0.1706 -1.3012 0.242, -0.181 -1.3012 0.209, -0.1906 -1.3012 0.2247, -0.19 -1.3012 0.2205, -0.1885 -1.3012 0.2166, -0.1772 -1.3012 0.2418, -0.1811 -1.3012 0.2403, -0.1905 -1.3012 0.2266, -0.1846 -1.3012 0.2379, -0.1873 -1.3012 0.2349, -0.1894 -1.3012 0.231, -0.1729 -1.3012 0.2424, -0.085 -1.2972 0.3337, -0.0771 -1.2972 0.3227, -0.0721 -1.2972 0.3102, -0.0702 -1.2972 0.3053, -0.0676 -1.2972 0.2868, -0.0887 -1.2972 0.3389, -0.1041 -1.2972 0.352, -0.1211 -1.2972 0.3604, -0.1239 -1.2972 0.3614, -0.1361 -1.2972 0.3849, -0.1547 -1.2972 0.4063, -0.1678 -1.2972 0.4151, -0.1801 -1.2972 0.4234, -0.2086 -1.2972 0.4335, -0.2321 -1.2972 0.4359, -0.2604 -1.2972 0.4324, -0.2866 -1.2972 0.4223, -0.2982 -1.2972 0.4151, -0.3004 -1.2972 0.4137, -0.3138 -1.2972 0.4023, -0.3255 -1.2972 0.3887, -0.332 -1.2972 0.3895, -0.3386 -1.2972 0.3898, -0.3592 -1.2972 0.3875, -0.3804 -1.2972 0.3798, -0.3994 -1.2972 0.3668, -0.404 -1.2972 0.3625, -0.4168 -1.2972 0.3464, -0.4228 -1.2972 0.3337, -0.4263 -1.2972 0.3262, -0.4293 -1.2972 0.3102, -0.4306 -1.2972 0.3037, -0.4308 -1.2972 0.2976, -0.4285 -1.2972 0.2771, -0.4208 -1.2972 0.2558, -0.4086 -1.2972 0.2376, -0.4069 -1.2972 0.2355, -0.3909 -1.2972 0.2216, -0.3706 -1.2972 0.2111, -0.3613 -1.2972 0.2082, -0.3606 -1.2972 0.2067, -0.3556 -1.2972 0.196, -0.3472 -1.2972 0.1856, -0.336 -1.2972 0.1772, -0.3308 -1.2972 0.175, -0.3229 -1.2972 0.1717, -0.3095 -1.2972 0.1695, -0.3073 -1.2972 0.1695, -0.2503 -1.2972 0.2264, -0.2935 -1.2972 0.1712, -0.2837 -1.2972 0.175, -0.2808 -1.2972 0.1761, -0.2695 -1.2972 0.184, -0.2607 -1.2972 0.1938, -0.2539 -1.2972 0.2065, -0.2539 -1.2972 0.2067, -0.2506 -1.2972 0.2206, -0.2503 -1.2972 0.2321, -0.1706 -1.2972 0.2743, -0.1883 -1.2972 0.3044, -0.2646 -1.2972 0.2646, -0.2745 -1.2972 0.2736, -0.2866 -1.2972 0.2801, -0.3003 -1.2972 0.2835, -0.3073 -1.2972 0.2839, -0.3208 -1.2972 0.2823, -0.3334 -1.2972 0.2775, -0.345 -1.2972 0.2694, -0.3545 -1.2972 0.2586, -0.3608 -1.2972 0.2464, -0.3732 -1.2972 0.254, -0.3834 -1.2972 0.2645, -0.3902 -1.2972 0.2761, -0.3943 -1.2972 0.29, -0.3949 -1.2972 0.2987, -0.3935 -1.2972 0.3102, -0.3932 -1.2972 0.3125, -0.3884 -1.2972 0.3252, -0.3824 -1.2972 0.3337, -0.3805 -1.2972 0.3365, -0.3706 -1.2972 0.3453, -0.3579 -1.2972 0.3521, -0.3438 -1.2972 0.3554, -0.338 -1.2972 0.3557, -0.3247 -1.2972 0.354, -0.312 -1.2972 0.3494, -0.3078 -1.2972 0.3471, -0.2994 -1.2972 0.3646, -0.2868 -1.2972 0.38, -0.2709 -1.2972 0.3916, -0.2523 -1.2972 0.3991, -0.2315 -1.2972 0.4018, -0.2126 -1.2972 0.3995, -0.1948 -1.2972 0.3928, -0.1787 -1.2972 0.3817, -0.176 -1.2972 0.3793, -0.1634 -1.2972 0.3637, -0.1549 -1.2972 0.3452, -0.1525 -1.2972 0.3337, -0.1518 -1.2972 0.3306, -0.1473 -1.2972 0.3306, -0.1365 -1.2972 0.3293, -0.1265 -1.2972 0.3255, -0.1177 -1.2972 0.3193, -0.1111 -1.2972 0.3119, -0.1102 -1.2972 0.3102, -0.1058 -1.2972 0.3021, -0.1032 -1.2972 0.2911, -0.1029 -1.2972 0.2862, -0.1042 -1.2972 0.2751, -0.1082 -1.2972 0.265, -0.1144 -1.2972 0.2561, -0.1152 -1.2972 0.2553, -0.1237 -1.2972 0.2484, -0.1337 -1.2972 0.2437, -0.1439 -1.2972 0.2418, -0.1695 -1.2972 0.2418, -0.1706 -1.2972 0.242, -0.1724 -1.2972 0.2423, -0.1729 -1.2972 0.2424, -0.1772 -1.2972 0.2418, -0.1811 -1.2972 0.2403, -0.1846 -1.2972 0.2379, -0.1873 -1.2972 0.2349, -0.1894 -1.2972 0.231, -0.1905 -1.2972 0.2266, -0.1906 -1.2972 0.2247, -0.19 -1.2972 0.2205, -0.1885 -1.2972 0.2166, -0.186 -1.2972 0.2131, -0.1847 -1.2972 0.2117, -0.181 -1.2972 0.209, -0.1772 -1.2972 0.2076, -0.174 -1.2972 0.2071, -0.1405 -1.2972 0.2071, -0.1217 -1.2972 0.211, -0.1043 -1.2972 0.2195, -0.0887 -1.2972 0.2327, -0.0775 -1.2972 0.2482, -0.0703 -1.2972 0.2662, -0.3078 -1.2972 0.2481, -0.303 -1.2972 0.2475, -0.2977 -1.2972 0.2456, -0.2932 -1.2972 0.2425, -0.2895 -1.2972 0.2384, -0.2871 -1.2972 0.2337, -0.2858 -1.2972 0.2284, -0.2858 -1.2972 0.2234, -0.2871 -1.2972 0.2179, -0.2897 -1.2972 0.213, -0.2935 -1.2972 0.2089, -0.2979 -1.2972 0.206, -0.3029 -1.2972 0.2042, -0.3078 -1.2972 0.2037, -0.312 -1.2972 0.2041, -0.3174 -1.2972 0.2058, -0.322 -1.2972 0.2088, -0.3258 -1.2972 0.2128, -0.3284 -1.2972 0.2174, -0.3298 -1.2972 0.2226, -0.3299 -1.2972 0.2282, -0.3286 -1.2972 0.2337, -0.326 -1.2972 0.2386, -0.3223 -1.2972 0.2427, -0.3177 -1.2972 0.2457, -0.3127 -1.2972 0.2475
            ]
        }
        coordIndex [
            0,1,2,-1,3,4,5,-1,6,7,8,-1,8,7,9,-1,8,9,10,-1,10,9,11,-1,10,11,5,-1,5,11,12,-1,5,12,3,-1,13,14,2,-1,2,14,15,-1,2,15,0,-1,16,1,17,-1,17,1,18,-1,17,18,19,-1,20,21,22,-1,22,21,23,-1,22,23,24,-1,24,23,25,-1,24,25,26,-1,26,25,27,-1,28,29,30,-1,30,29,31,-1,30,31,32,-1,32,31,33,-1,32,33,34,-1,34,33,35,-1,34,35,36,-1,37,2,38,-1,38,2,1,-1,38,1,39,-1,39,1,16,-1,18,40,19,-1,19,40,41,-1,19,41,42,-1,42,41,43,-1,42,43,44,-1,44,43,45,-1,44,45,46,-1,46,45,11,-1,46,11,47,-1,47,11,48,-1,49,50,51,-1,51,50,52,-1,51,52,53,-1,53,52,54,-1,53,54,55,-1,55,54,56,-1,55,56,57,-1,57,56,58,-1,57,58,59,-1,60,61,13,-1,13,61,62,-1,13,62,14,-1,63,64,65,-1,65,64,66,-1,65,66,67,-1,67,66,68,-1,67,68,69,-1,69,68,70,-1,69,70,60,-1,60,70,71,-1,60,71,61,-1,72,73,9,-1,9,73,74,-1,9,74,11,-1,11,74,75,-1,11,75,48,-1,25,76,27,-1,27,76,77,-1,27,77,78,-1,78,77,79,-1,78,79,80,-1,80,79,81,-1,80,81,82,-1,82,81,83,-1,82,83,84,-1,84,83,85,-1,84,85,86,-1,86,85,87,-1,86,87,49,-1,49,87,88,-1,49,88,50,-1,89,90,91,-1,91,90,92,-1,91,92,22,-1,22,92,93,-1,22,93,20,-1,28,30,94,-1,94,30,95,-1,94,95,96,-1,96,95,97,-1,96,97,98,-1,98,97,99,-1,98,99,100,-1,100,99,101,-1,100,101,102,-1,102,101,103,-1,102,103,104,-1,104,103,105,-1,104,105,106,-1,106,105,107,-1,106,107,63,-1,63,107,108,-1,63,108,64,-1,36,35,109,-1,109,35,110,-1,109,110,111,-1,111,110,112,-1,111,112,113,-1,113,112,114,-1,113,114,115,-1,115,114,116,-1,115,116,89,-1,89,116,117,-1,89,117,90,-1,37,118,2,-1,2,118,119,-1,2,119,120,-1,120,119,121,-1,120,121,122,-1,122,121,123,-1,122,123,124,-1,124,123,125,-1,124,125,126,-1,126,125,127,-1,126,127,128,-1,128,127,129,-1,128,129,130,-1,130,129,131,-1,130,131,132,-1,132,131,133,-1,132,133,134,-1,134,133,135,-1,134,135,9,-1,9,135,136,-1,9,136,72,-1,137,138,139,-1,58,140,59,-1,59,140,137,-1,59,137,141,-1,141,137,139,-1,142,143,137,-1,137,143,144,-1,137,144,138,-1,145,146,147,-1,146,148,147,-1,147,148,149,-1,147,149,150,-1,142,137,147,-1,147,137,151,-1,147,151,145,-1,152,27,153,-1,153,27,78,-1,153,78,154,-1,154,78,80,-1,154,80,155,-1,155,80,82,-1,155,82,156,-1,152,157,27,-1,27,157,158,-1,27,158,26,-1,26,158,159,-1,26,159,24,-1,24,159,160,-1,24,160,22,-1,22,160,161,-1,22,161,91,-1,91,161,162,-1,91,162,89,-1,115,89,163,-1,163,89,162,-1,163,164,115,-1,115,164,165,-1,115,165,113,-1,113,165,166,-1,113,166,111,-1,111,166,167,-1,111,167,109,-1,109,167,168,-1,109,168,36,-1,36,168,34,-1,34,168,169,-1,34,169,170,-1,34,170,171,-1,34,171,32,-1,32,171,172,-1,32,172,30,-1,30,172,173,-1,30,173,95,-1,95,173,174,-1,95,174,97,-1,97,174,175,-1,97,175,99,-1,99,175,176,-1,99,176,101,-1,101,176,177,-1,101,177,103,-1,103,177,178,-1,103,178,105,-1,108,107,179,-1,179,107,105,-1,179,105,178,-1,179,180,108,-1,108,180,181,-1,108,181,64,-1,64,181,182,-1,182,183,64,-1,64,183,184,-1,64,184,66,-1,66,184,185,-1,66,185,68,-1,68,185,186,-1,68,186,70,-1,70,186,187,-1,70,187,71,-1,71,187,188,-1,71,188,61,-1,61,188,189,-1,61,189,62,-1,62,189,190,-1,62,190,14,-1,14,190,191,-1,14,191,15,-1,15,191,192,-1,15,192,0,-1,192,193,0,-1,0,193,194,-1,0,194,1,-1,1,194,195,-1,1,195,18,-1,18,195,196,-1,18,196,40,-1,196,197,40,-1,40,197,198,-1,40,198,41,-1,41,198,199,-1,41,199,43,-1,200,10,5,-1,43,199,201,-1,202,11,201,-1,201,11,45,-1,201,45,43,-1,202,203,11,-1,11,203,204,-1,11,204,12,-1,12,204,205,-1,12,205,3,-1,3,205,206,-1,3,206,4,-1,4,206,207,-1,4,207,5,-1,5,207,208,-1,5,208,200,-1,8,10,209,-1,209,10,200,-1,6,8,210,-1,210,8,209,-1,7,6,211,-1,211,6,210,-1,9,7,212,-1,212,7,211,-1,9,212,213,-1,9,213,134,-1,134,213,214,-1,134,214,132,-1,132,214,215,-1,132,215,130,-1,130,215,216,-1,130,216,128,-1,128,216,217,-1,128,217,126,-1,126,217,218,-1,126,218,124,-1,124,218,219,-1,124,219,122,-1,122,219,220,-1,122,220,120,-1,120,220,221,-1,120,221,2,-1,2,221,222,-1,2,222,13,-1,13,222,223,-1,13,223,60,-1,60,223,224,-1,60,224,69,-1,69,224,225,-1,69,225,67,-1,67,225,226,-1,67,226,65,-1,63,65,226,-1,226,227,63,-1,63,227,228,-1,63,228,229,-1,230,104,229,-1,229,104,106,-1,229,106,63,-1,230,231,104,-1,104,231,232,-1,104,232,102,-1,102,232,233,-1,102,233,100,-1,100,233,234,-1,100,234,98,-1,98,234,235,-1,98,235,96,-1,96,235,236,-1,96,236,94,-1,94,236,237,-1,94,237,28,-1,28,237,238,-1,28,238,29,-1,29,238,239,-1,29,239,31,-1,31,239,240,-1,31,240,33,-1,33,240,241,-1,33,241,35,-1,35,241,242,-1,35,242,110,-1,110,242,243,-1,110,243,112,-1,112,243,244,-1,112,244,114,-1,114,244,245,-1,114,245,116,-1,116,245,246,-1,116,246,117,-1,117,246,247,-1,117,247,90,-1,90,247,248,-1,90,248,92,-1,92,248,249,-1,92,249,93,-1,93,249,20,-1,20,249,250,-1,20,250,251,-1,21,20,252,-1,252,20,251,-1,21,252,253,-1,21,253,23,-1,23,253,254,-1,23,254,25,-1,25,254,255,-1,25,255,76,-1,76,255,256,-1,76,256,77,-1,77,256,257,-1,77,257,79,-1,257,258,79,-1,79,258,259,-1,79,259,81,-1,81,259,260,-1,81,260,83,-1,83,260,261,-1,83,261,85,-1,85,261,262,-1,85,262,87,-1,87,262,263,-1,87,263,88,-1,88,263,264,-1,88,264,50,-1,50,264,265,-1,50,265,52,-1,52,265,266,-1,52,266,54,-1,54,266,267,-1,54,267,56,-1,58,56,268,-1,268,56,267,-1,58,268,269,-1,58,269,140,-1,140,269,270,-1,140,270,137,-1,137,270,271,-1,137,271,151,-1,151,271,272,-1,151,272,145,-1,145,272,273,-1,145,273,146,-1,146,273,274,-1,146,274,148,-1,148,274,275,-1,148,275,149,-1,149,275,276,-1,149,276,150,-1,150,276,277,-1,150,277,147,-1,147,277,278,-1,147,278,142,-1,142,278,279,-1,142,279,143,-1,143,279,280,-1,143,280,144,-1,144,280,281,-1,144,281,138,-1,138,281,282,-1,138,282,139,-1,139,282,283,-1,139,283,141,-1,141,283,284,-1,141,284,59,-1,59,284,285,-1,59,285,57,-1,55,57,286,-1,286,57,285,-1,55,286,287,-1,55,287,53,-1,53,287,288,-1,53,288,51,-1,51,288,289,-1,51,289,49,-1,49,289,290,-1,49,290,86,-1,86,290,291,-1,86,291,84,-1,84,291,156,-1,84,156,82,-1,129,292,293,-1,129,293,131,-1,131,293,294,-1,131,294,133,-1,133,294,295,-1,133,295,135,-1,135,295,296,-1,135,296,136,-1,136,296,297,-1,136,297,72,-1,72,297,298,-1,72,298,73,-1,73,298,299,-1,73,299,74,-1,74,299,300,-1,74,300,75,-1,75,300,301,-1,75,301,48,-1,48,301,302,-1,48,302,47,-1,47,302,303,-1,47,303,46,-1,46,303,304,-1,46,304,44,-1,44,304,305,-1,44,305,42,-1,42,305,306,-1,42,306,19,-1,19,306,307,-1,19,307,17,-1,17,307,308,-1,17,308,16,-1,16,308,309,-1,16,309,39,-1,39,309,310,-1,39,310,38,-1,38,310,311,-1,38,311,37,-1,37,311,312,-1,37,312,118,-1,118,312,313,-1,118,313,119,-1,119,313,314,-1,119,314,121,-1,121,314,315,-1,121,315,123,-1,123,315,316,-1,123,316,125,-1,125,316,317,-1,125,317,127,-1,127,317,292,-1,127,292,129,-1,
        ]
    }
}
Shape{
    appearance Appearance {
        material  Material {
            diffuseColor 0.25098039215686274 0.25098039215686274 0.25098039215686274
            specularColor 0.12549019607843137 0.12549019607843137 0.12549019607843137
            ambientIntensity 0.251
            transparency 0.0
            shininess 0.5
        }
    }
    geometry IndexedFaceSet {
        ccw TRUE
        solid FALSE
        coord DEF co Coordinate {
            point [
                -0.312 -1.2972 0.2041, -0.3078 -1.2972 0.2037, -0.3078 -1.2972 0.2481, -0.3029 -1.2972 0.2042, -0.2858 -1.2972 0.2284, -0.2858 -1.2972 0.2234, -0.2979 -1.2972 0.206, -0.3177 -1.2972 0.2457, -0.3258 -1.2972 0.2128, -0.322 -1.2972 0.2088, -0.2871 -1.2972 0.2337, -0.2895 -1.2972 0.2384, -0.2932 -1.2972 0.2425, -0.3284 -1.2972 0.2174, -0.3223 -1.2972 0.2427, -0.3298 -1.2972 0.2226, -0.3127 -1.2972 0.2475, -0.3174 -1.2972 0.2058, -0.2935 -1.2972 0.2089, -0.2897 -1.2972 0.213, -0.2871 -1.2972 0.2179, -0.2977 -1.2972 0.2456, -0.303 -1.2972 0.2475, -0.3299 -1.2972 0.2282, -0.326 -1.2972 0.2386, -0.3286 -1.2972 0.2337, -1.2992 1.065 0.8268, -1.2992 -1.061 0.8268, -1.2979 -1.061 0.837, -1.2979 1.065 0.837, -1.2939 -1.061 0.8465, -1.2939 1.065 0.8465, -1.2877 -1.061 0.8546, -1.2877 1.065 0.8546, -1.2795 -1.061 0.8609, -1.2795 1.065 0.8609, -1.27 -1.061 0.8648, -1.27 1.065 0.8648, -1.2598 -1.061 0.8661, -1.2598 1.065 0.8661, -1.2661 -1.1014 0.8648, -1.2754 -1.1033 0.8609, -1.2834 -1.1049 0.8546, -1.2895 -1.1061 0.8465, -1.2934 -1.1068 0.837, -1.2667 -1.1787 0.8268, -1.2583 -1.1915 0.837, -1.2812 -1.1514 0.8268, -1.28 -1.1509 0.837, -1.2902 -1.1219 0.8268, -1.2947 -1.1071 0.8268, -1.2594 -1.1923 0.8268, -1.23 -1.2281 0.8268, -1.2291 -1.2271 0.837, -1.1942 -1.2574 0.8268, -1.1935 -1.2563 0.837, -1.1806 -1.2647 0.8268, -1.1529 -1.278 0.837, -1.1534 -1.2793 0.8268, -1.1088 -1.2914 0.837, -1.1238 -1.2882 0.8268, -1.1091 -1.2927 0.8268, -1.063 -1.2972 0.8268, -1.063 -1.2959 0.837, -1.2764 -1.1494 0.8465, -1.255 -1.1893 0.8465, -1.2263 -1.2243 0.8465, -1.1913 -1.253 0.8465, -1.1514 -1.2744 0.8465, -1.108 -1.2875 0.8465, -1.063 -1.292 0.8465, -1.2706 -1.147 0.8546, -1.2498 -1.1859 0.8546, -1.2219 -1.2199 0.8546, -1.1878 -1.2478 0.8546, -1.149 -1.2686 0.8546, -1.1068 -1.2814 0.8546, -1.063 -1.2857 0.8546, -1.263 -1.1439 0.8609, -1.243 -1.1813 0.8609, -1.2161 -1.2141 0.8609, -1.1833 -1.2411 0.8609, -1.1459 -1.2611 0.8609, -1.1052 -1.2734 0.8609, -1.063 -1.2776 0.8609, -1.2543 -1.1403 0.8648, -1.2351 -1.176 0.8648, -1.2094 -1.2074 0.8648, -1.178 -1.2332 0.8648, -1.1422 -1.2523 0.8648, -1.1034 -1.2641 0.8648, -1.063 -1.2681 0.8648, -1.2561 -1.0994 0.8661, -1.2449 -1.1364 0.8661, -1.2267 -1.1704 0.8661, -1.2022 -1.2002 0.8661, -1.1724 -1.2247 0.8661, -1.1383 -1.2429 0.8661, -1.1014 -1.2541 0.8661, -1.063 -1.2579 0.8661, -1.063 1.2618 0.8661, -1.063 1.272 0.8648, -1.1034 1.268 0.8648, -1.063 1.2815 0.8609, -1.1052 1.2773 0.8609, -1.063 1.2896 0.8546, -1.1068 1.2853 0.8546, -1.063 1.2959 0.8465, -1.108 1.2915 0.8465, -1.063 1.2998 0.837, -1.1088 1.2953 0.837, -1.1806 1.2686 0.8268, -1.1935 1.2603 0.837, -1.1534 1.2832 0.8268, -1.1529 1.282 0.837, -1.1238 1.2922 0.8268, -1.1091 1.2966 0.8268, -1.063 1.3012 0.8268, -1.1942 1.2614 0.8268, -1.23 1.232 0.8268, -1.2291 1.231 0.837, -1.2594 1.1962 0.8268, -1.2583 1.1955 0.837, -1.2667 1.1826 0.8268, -1.28 1.1548 0.837, -1.2812 1.1554 0.8268, -1.2934 1.1108 0.837, -1.2902 1.1258 0.8268, -1.2947 1.111 0.8268, -1.1514 1.2783 0.8465, -1.1913 1.257 0.8465, -1.2263 1.2283 0.8465, -1.255 1.1933 0.8465, -1.2764 1.1533 0.8465, -1.2895 1.11 0.8465, -1.149 1.2725 0.8546, -1.1878 1.2518 0.8546, -1.2219 1.2238 0.8546, -1.2498 1.1898 0.8546, -1.2706 1.1509 0.8546, -1.2834 1.1088 0.8546, -1.1459 1.265 0.8609, -1.1833 1.245 0.8609, -1.2161 1.2181 0.8609, -1.243 1.1853 0.8609, -1.263 1.1478 0.8609, -1.2754 1.1072 0.8609, -1.1422 1.2562 0.8648, -1.178 1.2371 0.8648, -1.2094 1.2114 0.8648, -1.2351 1.18 0.8648, -1.2543 1.1442 0.8648, -1.2661 1.1054 0.8648, -1.1014 1.258 0.8661, -1.1383 1.2468 0.8661, -1.1724 1.2286 0.8661, -1.2022 1.2042 0.8661, -1.2267 1.1743 0.8661, -1.2449 1.1403 0.8661, -1.2561 1.1034 0.8661, -0.7469 -1.2972 0.8268, -0.0348 -1.2972 0.8268, 0.0423 -1.2972 0.8268, 1.063 -1.2959 0.837, 0.0471 -1.2972 0.8268, 0.1148 -1.2972 0.8268, 0.1514 -1.2972 0.8268, 0.1701 -1.2972 0.8268, 0.2143 -1.2972 0.8268, 0.2451 -1.2972 0.8268, 0.2704 -1.2972 0.8268, 1.063 -1.2972 0.8268, 1.063 -1.292 0.8465, 1.063 -1.2857 0.8546, 1.063 -1.2776 0.8609, 1.063 -1.2681 0.8648, 1.063 -1.2579 0.8661, 1.063 1.3012 0.8268, 1.063 1.2998 0.837, 1.063 1.2959 0.8465, 1.063 1.2896 0.8546, 1.063 1.2815 0.8609, 1.063 1.272 0.8648, 1.063 1.2618 0.8661, 1.1034 -1.2641 0.8648, 1.1052 -1.2734 0.8609, 1.1068 -1.2814 0.8546, 1.108 -1.2875 0.8465, 1.1088 -1.2914 0.837, 1.1806 -1.2647 0.8268, 1.1935 -1.2563 0.837, 1.1534 -1.2793 0.8268, 1.1529 -1.278 0.837, 1.1238 -1.2882 0.8268, 1.1091 -1.2927 0.8268, 1.1942 -1.2574 0.8268, 1.23 -1.2281 0.8268, 1.2291 -1.2271 0.837, 1.2594 -1.1923 0.8268, 1.2583 -1.1915 0.837, 1.2667 -1.1787 0.8268, 1.28 -1.1509 0.837, 1.2812 -1.1514 0.8268, 1.2934 -1.1068 0.837, 1.2902 -1.1219 0.8268, 1.2947 -1.1071 0.8268, 1.2992 -1.061 0.8268, 1.2979 -1.061 0.837, 1.1514 -1.2744 0.8465, 1.1913 -1.253 0.8465, 1.2263 -1.2243 0.8465, 1.255 -1.1893 0.8465, 1.2764 -1.1494 0.8465, 1.2895 -1.1061 0.8465, 1.2939 -1.061 0.8465, 1.149 -1.2686 0.8546, 1.1878 -1.2478 0.8546, 1.2219 -1.2199 0.8546, 1.2498 -1.1859 0.8546, 1.2706 -1.147 0.8546, 1.2834 -1.1049 0.8546, 1.2877 -1.061 0.8546, 1.1459 -1.2611 0.8609, 1.1833 -1.2411 0.8609, 1.2161 -1.2141 0.8609, 1.243 -1.1813 0.8609, 1.263 -1.1439 0.8609, 1.2754 -1.1033 0.8609, 1.2795 -1.061 0.8609, 1.1422 -1.2523 0.8648, 1.178 -1.2332 0.8648, 1.2094 -1.2074 0.8648, 1.2351 -1.176 0.8648, 1.2543 -1.1403 0.8648, 1.2661 -1.1014 0.8648, 1.27 -1.061 0.8648, 1.1014 -1.2541 0.8661, 1.1383 -1.2429 0.8661, 1.1724 -1.2247 0.8661, 1.2022 -1.2002 0.8661, 1.2267 -1.1704 0.8661, 1.2449 -1.1364 0.8661, 1.2561 -1.0994 0.8661, 1.2598 -1.061 0.8661, 1.2598 1.065 0.8661, 1.27 1.065 0.8648, 1.2661 1.1054 0.8648, 1.2795 1.065 0.8609, 1.2754 1.1072 0.8609, 1.2877 1.065 0.8546, 1.2834 1.1088 0.8546, 1.2939 1.065 0.8465, 1.2895 1.11 0.8465, 1.2979 1.065 0.837, 1.2934 1.1108 0.837, 1.2667 1.1826 0.8268, 1.2583 1.1955 0.837, 1.2812 1.1554 0.8268, 1.28 1.1548 0.837, 1.2902 1.1258 0.8268, 1.2947 1.111 0.8268, 1.2992 1.065 0.8268, 1.2594 1.1962 0.8268, 1.23 1.232 0.8268, 1.2291 1.231 0.837, 1.1942 1.2614 0.8268, 1.1935 1.2603 0.837, 1.1806 1.2686 0.8268, 1.1529 1.282 0.837, 1.1534 1.2832 0.8268, 1.1088 1.2953 0.837, 1.1238 1.2922 0.8268, 1.1091 1.2966 0.8268, 1.2764 1.1533 0.8465, 1.255 1.1933 0.8465, 1.2263 1.2283 0.8465, 1.1913 1.257 0.8465, 1.1514 1.2783 0.8465, 1.108 1.2915 0.8465, 1.2706 1.1509 0.8546, 1.2498 1.1898 0.8546, 1.2219 1.2238 0.8546, 1.1878 1.2518 0.8546, 1.149 1.2725 0.8546, 1.1068 1.2853 0.8546, 1.263 1.1478 0.8609, 1.243 1.1853 0.8609, 1.2161 1.2181 0.8609, 1.1833 1.245 0.8609, 1.1459 1.265 0.8609, 1.1052 1.2773 0.8609, 1.2543 1.1442 0.8648, 1.2351 1.18 0.8648, 1.2094 1.2114 0.8648, 1.178 1.2371 0.8648, 1.1422 1.2562 0.8648, 1.1034 1.268 0.8648, 1.2561 1.1034 0.8661, 1.2449 1.1403 0.8661, 1.2267 1.1743 0.8661, 1.2022 1.2042 0.8661, 1.1724 1.2286 0.8661, 1.1383 1.2468 0.8661, 1.1014 1.258 0.8661
            ]
        }
        coordIndex [
            0,1,2,-1,2,1,3,-1,4,3,5,-1,5,3,6,-1,7,8,9,-1,4,10,3,-1,3,10,11,-1,3,11,12,-1,8,7,13,-1,13,7,14,-1,13,14,15,-1,2,16,0,-1,0,16,7,-1,0,7,17,-1,17,7,9,-1,6,18,5,-1,5,18,19,-1,5,19,20,-1,12,21,3,-1,3,21,22,-1,3,22,2,-1,15,14,23,-1,23,14,24,-1,23,24,25,-1,26,27,28,-1,26,28,29,-1,29,28,30,-1,29,30,31,-1,31,30,32,-1,31,32,33,-1,33,32,34,-1,33,34,35,-1,35,34,36,-1,35,36,37,-1,37,36,38,-1,37,38,39,-1,38,36,40,-1,36,34,41,-1,34,32,42,-1,32,30,43,-1,30,28,44,-1,45,46,47,-1,47,46,48,-1,47,48,49,-1,49,48,44,-1,49,44,50,-1,50,44,28,-1,50,28,27,-1,45,51,46,-1,46,51,52,-1,46,52,53,-1,53,52,54,-1,53,54,55,-1,55,54,56,-1,55,56,57,-1,57,56,58,-1,57,58,59,-1,59,58,60,-1,60,61,59,-1,59,61,62,-1,59,62,63,-1,30,44,43,-1,43,44,48,-1,43,48,64,-1,64,48,46,-1,64,46,65,-1,65,46,53,-1,65,53,66,-1,66,53,55,-1,66,55,67,-1,67,55,57,-1,67,57,68,-1,68,57,59,-1,68,59,69,-1,69,59,63,-1,69,63,70,-1,32,43,42,-1,42,43,64,-1,42,64,71,-1,71,64,65,-1,71,65,72,-1,72,65,66,-1,72,66,73,-1,73,66,67,-1,73,67,74,-1,74,67,68,-1,74,68,75,-1,75,68,69,-1,75,69,76,-1,76,69,70,-1,76,70,77,-1,34,42,41,-1,41,42,71,-1,41,71,78,-1,78,71,72,-1,78,72,79,-1,79,72,73,-1,79,73,80,-1,80,73,74,-1,80,74,81,-1,81,74,75,-1,81,75,82,-1,82,75,76,-1,82,76,83,-1,83,76,77,-1,83,77,84,-1,36,41,40,-1,40,41,78,-1,40,78,85,-1,85,78,79,-1,85,79,86,-1,86,79,80,-1,86,80,87,-1,87,80,81,-1,87,81,88,-1,88,81,82,-1,88,82,89,-1,89,82,83,-1,89,83,90,-1,90,83,84,-1,90,84,91,-1,38,40,92,-1,92,40,85,-1,92,85,93,-1,93,85,86,-1,93,86,94,-1,94,86,87,-1,94,87,95,-1,95,87,88,-1,95,88,96,-1,96,88,89,-1,96,89,97,-1,97,89,90,-1,97,90,98,-1,98,90,91,-1,98,91,99,-1,100,101,102,-1,101,103,104,-1,103,105,106,-1,105,107,108,-1,107,109,110,-1,111,112,113,-1,113,112,114,-1,113,114,115,-1,115,114,110,-1,115,110,116,-1,116,110,109,-1,116,109,117,-1,111,118,112,-1,112,118,119,-1,112,119,120,-1,120,119,121,-1,120,121,122,-1,122,121,123,-1,122,123,124,-1,124,123,125,-1,124,125,126,-1,126,125,127,-1,127,128,126,-1,126,128,26,-1,126,26,29,-1,107,110,108,-1,108,110,114,-1,108,114,129,-1,129,114,112,-1,129,112,130,-1,130,112,120,-1,130,120,131,-1,131,120,122,-1,131,122,132,-1,132,122,124,-1,132,124,133,-1,133,124,126,-1,133,126,134,-1,134,126,29,-1,134,29,31,-1,105,108,106,-1,106,108,129,-1,106,129,135,-1,135,129,130,-1,135,130,136,-1,136,130,131,-1,136,131,137,-1,137,131,132,-1,137,132,138,-1,138,132,133,-1,138,133,139,-1,139,133,134,-1,139,134,140,-1,140,134,31,-1,140,31,33,-1,103,106,104,-1,104,106,135,-1,104,135,141,-1,141,135,136,-1,141,136,142,-1,142,136,137,-1,142,137,143,-1,143,137,138,-1,143,138,144,-1,144,138,139,-1,144,139,145,-1,145,139,140,-1,145,140,146,-1,146,140,33,-1,146,33,35,-1,101,104,102,-1,102,104,141,-1,102,141,147,-1,147,141,142,-1,147,142,148,-1,148,142,143,-1,148,143,149,-1,149,143,144,-1,149,144,150,-1,150,144,145,-1,150,145,151,-1,151,145,146,-1,151,146,152,-1,152,146,35,-1,152,35,37,-1,100,102,153,-1,153,102,147,-1,153,147,154,-1,154,147,148,-1,154,148,155,-1,155,148,149,-1,155,149,156,-1,156,149,150,-1,156,150,157,-1,157,150,151,-1,157,151,158,-1,158,151,152,-1,158,152,159,-1,159,152,37,-1,159,37,39,-1,62,160,63,-1,63,160,161,-1,161,162,163,-1,163,162,164,-1,163,164,165,-1,165,166,163,-1,163,166,167,-1,163,167,168,-1,168,169,163,-1,163,169,170,-1,163,170,171,-1,161,163,63,-1,63,163,172,-1,63,172,70,-1,70,172,173,-1,70,173,77,-1,77,173,174,-1,77,174,84,-1,84,174,175,-1,84,175,91,-1,91,175,176,-1,91,176,99,-1,177,117,109,-1,177,109,178,-1,178,109,107,-1,178,107,179,-1,179,107,105,-1,179,105,180,-1,180,105,103,-1,180,103,181,-1,181,103,101,-1,181,101,182,-1,182,101,100,-1,182,100,183,-1,176,175,184,-1,175,174,185,-1,174,173,186,-1,173,172,187,-1,172,163,188,-1,189,190,191,-1,191,190,192,-1,191,192,193,-1,193,192,188,-1,193,188,194,-1,194,188,163,-1,194,163,171,-1,189,195,190,-1,190,195,196,-1,190,196,197,-1,197,196,198,-1,197,198,199,-1,199,198,200,-1,199,200,201,-1,201,200,202,-1,201,202,203,-1,203,202,204,-1,204,205,203,-1,203,205,206,-1,203,206,207,-1,172,188,187,-1,187,188,192,-1,187,192,208,-1,208,192,190,-1,208,190,209,-1,209,190,197,-1,209,197,210,-1,210,197,199,-1,210,199,211,-1,211,199,201,-1,211,201,212,-1,212,201,203,-1,212,203,213,-1,213,203,207,-1,213,207,214,-1,173,187,186,-1,186,187,208,-1,186,208,215,-1,215,208,209,-1,215,209,216,-1,216,209,210,-1,216,210,217,-1,217,210,211,-1,217,211,218,-1,218,211,212,-1,218,212,219,-1,219,212,213,-1,219,213,220,-1,220,213,214,-1,220,214,221,-1,174,186,185,-1,185,186,215,-1,185,215,222,-1,222,215,216,-1,222,216,223,-1,223,216,217,-1,223,217,224,-1,224,217,218,-1,224,218,225,-1,225,218,219,-1,225,219,226,-1,226,219,220,-1,226,220,227,-1,227,220,221,-1,227,221,228,-1,175,185,184,-1,184,185,222,-1,184,222,229,-1,229,222,223,-1,229,223,230,-1,230,223,224,-1,230,224,231,-1,231,224,225,-1,231,225,232,-1,232,225,226,-1,232,226,233,-1,233,226,227,-1,233,227,234,-1,234,227,228,-1,234,228,235,-1,176,184,236,-1,236,184,229,-1,236,229,237,-1,237,229,230,-1,237,230,238,-1,238,230,231,-1,238,231,239,-1,239,231,232,-1,239,232,240,-1,240,232,233,-1,240,233,241,-1,241,233,234,-1,241,234,242,-1,242,234,235,-1,242,235,243,-1,244,245,246,-1,245,247,248,-1,247,249,250,-1,249,251,252,-1,251,253,254,-1,255,256,257,-1,257,256,258,-1,257,258,259,-1,259,258,254,-1,259,254,260,-1,260,254,253,-1,260,253,261,-1,255,262,256,-1,256,262,263,-1,256,263,264,-1,264,263,265,-1,264,265,266,-1,266,265,267,-1,266,267,268,-1,268,267,269,-1,268,269,270,-1,270,269,271,-1,271,272,270,-1,270,272,177,-1,270,177,178,-1,251,254,252,-1,252,254,258,-1,252,258,273,-1,273,258,256,-1,273,256,274,-1,274,256,264,-1,274,264,275,-1,275,264,266,-1,275,266,276,-1,276,266,268,-1,276,268,277,-1,277,268,270,-1,277,270,278,-1,278,270,178,-1,278,178,179,-1,249,252,250,-1,250,252,273,-1,250,273,279,-1,279,273,274,-1,279,274,280,-1,280,274,275,-1,280,275,281,-1,281,275,276,-1,281,276,282,-1,282,276,277,-1,282,277,283,-1,283,277,278,-1,283,278,284,-1,284,278,179,-1,284,179,180,-1,247,250,248,-1,248,250,279,-1,248,279,285,-1,285,279,280,-1,285,280,286,-1,286,280,281,-1,286,281,287,-1,287,281,282,-1,287,282,288,-1,288,282,283,-1,288,283,289,-1,289,283,284,-1,289,284,290,-1,290,284,180,-1,290,180,181,-1,245,248,246,-1,246,248,285,-1,246,285,291,-1,291,285,286,-1,291,286,292,-1,292,286,287,-1,292,287,293,-1,293,287,288,-1,293,288,294,-1,294,288,289,-1,294,289,295,-1,295,289,290,-1,295,290,296,-1,296,290,181,-1,296,181,182,-1,244,246,297,-1,297,246,291,-1,297,291,298,-1,298,291,292,-1,298,292,299,-1,299,292,293,-1,299,293,300,-1,300,293,294,-1,300,294,301,-1,301,294,295,-1,301,295,302,-1,302,295,296,-1,302,296,303,-1,303,296,182,-1,303,182,183,-1,206,261,253,-1,206,253,207,-1,207,253,251,-1,207,251,214,-1,214,251,249,-1,214,249,221,-1,221,249,247,-1,221,247,228,-1,228,247,245,-1,228,245,235,-1,235,245,244,-1,235,244,243,-1,
        ]
    }
}